Copyright 1986-2022 Xilinx, Inc. All Rights Reserved. Copyright 2022-2025 Advanced Micro Devices, Inc. All Rights Reserved.
---------------------------------------------------------------------------------------------------------------------------------------------------------------------------------------------------------------------------------
| Tool Version : Vivado v.2025.2 (win64) Build 6299465 Fri Nov 14 19:35:11 GMT 2025
| Date         : Wed Feb 18 12:32:45 2026
| Host         : LAPTOP-GM1L3F93 running 64-bit major release  (build 9200)
| Command      : report_timing_summary -max_paths 10 -routable_nets -report_unconstrained -file NTT_top_timing_summary_routed.rpt -pb NTT_top_timing_summary_routed.pb -rpx NTT_top_timing_summary_routed.rpx -warn_on_violation
| Design       : NTT_top
| Device       : 7z010-clg400
| Speed File   : -1  PRODUCTION 1.12 2019-11-22
| Design State : Routed
---------------------------------------------------------------------------------------------------------------------------------------------------------------------------------------------------------------------------------

Timing Summary Report

------------------------------------------------------------------------------------------------
| Timer Settings
| --------------
------------------------------------------------------------------------------------------------

  Enable Multi Corner Analysis               :  Yes
  Enable Pessimism Removal                   :  Yes
  Pessimism Removal Resolution               :  Nearest Common Node
  Enable Input Delay Default Clock           :  No
  Enable Preset / Clear Arcs                 :  No
  Disable Flight Delays                      :  No
  Ignore I/O Paths                           :  No
  Timing Early Launch at Borrowing Latches   :  No
  Borrow Time for Max Delay Exceptions       :  Yes
  Merge Timing Exceptions                    :  Yes
  Inter-SLR Compensation                     :  Conservative

  Corner  Analyze    Analyze    
  Name    Max Paths  Min Paths  
  ------  ---------  ---------  
  Slow    Yes        Yes        
  Fast    Yes        Yes        


------------------------------------------------------------------------------------------------
| Report Methodology
| ------------------
------------------------------------------------------------------------------------------------

Rule       Severity  Description                                 Violations  
---------  --------  ------------------------------------------  ----------  
SYNTH-6    Warning   Timing of a RAM block might be sub-optimal  3           
TIMING-18  Warning   Missing input or output delay               45          

Note: This report is based on the most recent report_methodology run and may not be up-to-date. Run report_methodology on the current design for the latest report.



check_timing report

Table of Contents
-----------------
1. checking no_clock (0)
2. checking constant_clock (0)
3. checking pulse_width_clock (0)
4. checking unconstrained_internal_endpoints (0)
5. checking no_input_delay (29)
6. checking no_output_delay (16)
7. checking multiple_clock (0)
8. checking generated_clocks (0)
9. checking loops (0)
10. checking partial_input_delay (0)
11. checking partial_output_delay (0)
12. checking latch_loops (0)

1. checking no_clock (0)
------------------------
 There are 0 register/latch pins with no clock.


2. checking constant_clock (0)
------------------------------
 There are 0 register/latch pins with constant_clock.


3. checking pulse_width_clock (0)
---------------------------------
 There are 0 register/latch pins which need pulse_width check


4. checking unconstrained_internal_endpoints (0)
------------------------------------------------
 There are 0 pins that are not constrained for maximum delay.

 There are 0 pins that are not constrained for maximum delay due to constant clock.


5. checking no_input_delay (29)
-------------------------------
 There are 29 input ports with no input delay specified. (HIGH)

 There are 0 input ports with no input delay but user has a false path constraint.


6. checking no_output_delay (16)
--------------------------------
 There are 16 ports with no output delay specified. (HIGH)

 There are 0 ports with no output delay but user has a false path constraint

 There are 0 ports with no output delay but with a timing clock defined on it or propagating through it


7. checking multiple_clock (0)
------------------------------
 There are 0 register/latch pins with multiple clocks.


8. checking generated_clocks (0)
--------------------------------
 There are 0 generated clocks that are not connected to a clock source.


9. checking loops (0)
---------------------
 There are 0 combinational loops in the design.


10. checking partial_input_delay (0)
------------------------------------
 There are 0 input ports with partial input delay specified.


11. checking partial_output_delay (0)
-------------------------------------
 There are 0 ports with partial output delay specified.


12. checking latch_loops (0)
----------------------------
 There are 0 combinational latch loops in the design through latch input



------------------------------------------------------------------------------------------------
| Design Timing Summary
| ---------------------
------------------------------------------------------------------------------------------------

    WNS(ns)      TNS(ns)  TNS Failing Endpoints  TNS Total Endpoints      WHS(ns)      THS(ns)  THS Failing Endpoints  THS Total Endpoints     WPWS(ns)     TPWS(ns)  TPWS Failing Endpoints  TPWS Total Endpoints  
    -------      -------  ---------------------  -------------------      -------      -------  ---------------------  -------------------     --------     --------  ----------------------  --------------------  
      0.118        0.000                      0                 5479        0.042        0.000                      0                 5479        3.750        0.000                       0                  2590  


All user specified timing constraints are met.


------------------------------------------------------------------------------------------------
| Clock Summary
| -------------
------------------------------------------------------------------------------------------------

Clock  Waveform(ns)       Period(ns)      Frequency(MHz)
-----  ------------       ----------      --------------
clk    {0.000 5.000}      10.000          100.000         


------------------------------------------------------------------------------------------------
| Intra Clock Table
| -----------------
------------------------------------------------------------------------------------------------

Clock             WNS(ns)      TNS(ns)  TNS Failing Endpoints  TNS Total Endpoints      WHS(ns)      THS(ns)  THS Failing Endpoints  THS Total Endpoints     WPWS(ns)     TPWS(ns)  TPWS Failing Endpoints  TPWS Total Endpoints  
-----             -------      -------  ---------------------  -------------------      -------      -------  ---------------------  -------------------     --------     --------  ----------------------  --------------------  
clk                 0.118        0.000                      0                 5479        0.042        0.000                      0                 5479        3.750        0.000                       0                  2590  


------------------------------------------------------------------------------------------------
| Inter Clock Table
| -----------------
------------------------------------------------------------------------------------------------

From Clock    To Clock          WNS(ns)      TNS(ns)  TNS Failing Endpoints  TNS Total Endpoints      WHS(ns)      THS(ns)  THS Failing Endpoints  THS Total Endpoints  
----------    --------          -------      -------  ---------------------  -------------------      -------      -------  ---------------------  -------------------  


------------------------------------------------------------------------------------------------
| Other Path Groups Table
| -----------------------
------------------------------------------------------------------------------------------------

Path Group    From Clock    To Clock          WNS(ns)      TNS(ns)  TNS Failing Endpoints  TNS Total Endpoints      WHS(ns)      THS(ns)  THS Failing Endpoints  THS Total Endpoints  
----------    ----------    --------          -------      -------  ---------------------  -------------------      -------      -------  ---------------------  -------------------  


------------------------------------------------------------------------------------------------
| User Ignored Path Table
| -----------------------
------------------------------------------------------------------------------------------------

Path Group    From Clock    To Clock    
----------    ----------    --------    


------------------------------------------------------------------------------------------------
| Unconstrained Path Table
| ------------------------
------------------------------------------------------------------------------------------------

Path Group    From Clock    To Clock    
----------    ----------    --------    
(none)        clk                         
(none)                      clk           


------------------------------------------------------------------------------------------------
| Timing Details
| --------------
------------------------------------------------------------------------------------------------


---------------------------------------------------------------------------------------------------
From Clock:  clk
  To Clock:  clk

Setup :            0  Failing Endpoints,  Worst Slack        0.118ns,  Total Violation        0.000ns
Hold  :            0  Failing Endpoints,  Worst Slack        0.042ns,  Total Violation        0.000ns
PW    :            0  Failing Endpoints,  Worst Slack        3.750ns,  Total Violation        0.000ns
---------------------------------------------------------------------------------------------------


Max Delay Paths
--------------------------------------------------------------------------------------
Slack (MET) :             0.118ns  (required time - arrival time)
  Source:                 uNTT/offset_reg[1][1]/C
                            (rising edge-triggered cell FDRE clocked by clk  {rise@0.000ns fall@5.000ns period=10.000ns})
  Destination:            uNTT/rA_reg[10][6]/D
                            (rising edge-triggered cell FDRE clocked by clk  {rise@0.000ns fall@5.000ns period=10.000ns})
  Path Group:             clk
  Path Type:              Setup (Max at Slow Process Corner)
  Requirement:            10.000ns  (clk rise@10.000ns - clk rise@0.000ns)
  Data Path Delay:        9.770ns  (logic 1.944ns (19.898%)  route 7.826ns (80.102%))
  Logic Levels:           12  (LUT2=1 LUT3=1 LUT4=2 LUT5=2 LUT6=6)
  Clock Path Skew:        -0.153ns (DCD - SCD + CPR)
    Destination Clock Delay (DCD):    4.365ns = ( 14.365 - 10.000 ) 
    Source Clock Delay      (SCD):    4.873ns
    Clock Pessimism Removal (CPR):    0.354ns
  Clock Uncertainty:      0.035ns  ((TSJ^2 + TIJ^2)^1/2 + DJ) / 2 + PE
    Total System Jitter     (TSJ):    0.071ns
    Total Input Jitter      (TIJ):    0.000ns
    Discrete Jitter          (DJ):    0.000ns
    Phase Error              (PE):    0.000ns

    Location             Delay type                Incr(ns)  Path(ns)    Netlist Resource(s)
  -------------------------------------------------------------------    -------------------
                         (clock clk rise edge)        0.000     0.000 r  
    U14                                               0.000     0.000 r  clk (IN)
                         net (fo=0)                   0.000     0.000    clk
    U14                  IBUF (Prop_ibuf_I_O)         1.046     1.046 r  clk_IBUF_inst/O
                         net (fo=1, routed)           2.076     3.122    clk_IBUF
    BUFGCTRL_X0Y0        BUFG (Prop_bufg_I_O)         0.101     3.223 r  clk_IBUF_BUFG_inst/O
                         net (fo=2589, routed)        1.650     4.873    uNTT/clk
    SLICE_X21Y69         FDRE                                         r  uNTT/offset_reg[1][1]/C
  -------------------------------------------------------------------    -------------------
    SLICE_X21Y69         FDRE (Prop_fdre_C_Q)         0.456     5.329 r  uNTT/offset_reg[1][1]/Q
                         net (fo=51, routed)          0.674     6.003    uNTT/offset_reg[1][1]
    SLICE_X17Y69         LUT3 (Prop_lut3_I1_O)        0.124     6.127 f  uNTT/rBfuB[1][13]_i_17/O
                         net (fo=2, routed)           0.781     6.908    uNTT/p_29_out[2]
    SLICE_X18Y70         LUT6 (Prop_lut6_I5_O)        0.124     7.032 r  uNTT/rBfuB[1][13]_i_5/O
                         net (fo=9, routed)           0.517     7.548    uNTT/rBfuB[1][13]_i_5_n_0
    SLICE_X20Y69         LUT4 (Prop_lut4_I1_O)        0.124     7.672 r  uNTT/rBfuB[1][13]_i_2/O
                         net (fo=62, routed)          0.977     8.649    uNTT/rBfuB[1][13]_i_2_n_0
    SLICE_X20Y73         LUT5 (Prop_lut5_I4_O)        0.124     8.773 f  uNTT/rA[10][13]_i_22/O
                         net (fo=17, routed)          1.035     9.809    uNTT/rA[10][13]_i_22_n_0
    SLICE_X25Y77         LUT4 (Prop_lut4_I0_O)        0.124     9.933 f  uNTT/rA[10][6]_i_16/O
                         net (fo=1, routed)           0.901    10.834    uNTT/rA[10][6]_i_16_n_0
    SLICE_X26Y77         LUT6 (Prop_lut6_I0_O)        0.124    10.958 r  uNTT/rA[10][6]_i_10/O
                         net (fo=2, routed)           0.615    11.574    uNTT/rA[10][6]_i_10_n_0
    SLICE_X27Y82         LUT6 (Prop_lut6_I2_O)        0.124    11.698 f  uNTT/rA[10][6]_i_13/O
                         net (fo=1, routed)           0.475    12.172    uNTT/rA[10][6]_i_13_n_0
    SLICE_X28Y82         LUT5 (Prop_lut5_I2_O)        0.124    12.296 f  uNTT/rA[10][6]_i_9/O
                         net (fo=1, routed)           0.441    12.738    uNTT/rA[10][6]_i_9_n_0
    SLICE_X31Y84         LUT6 (Prop_lut6_I4_O)        0.124    12.862 f  uNTT/rA[10][6]_i_7/O
                         net (fo=1, routed)           0.433    13.295    uNTT/rA[10][6]_i_7_n_0
    SLICE_X31Y84         LUT6 (Prop_lut6_I3_O)        0.124    13.419 r  uNTT/rA[10][6]_i_4/O
                         net (fo=2, routed)           0.371    13.790    uNTT/rA[10][6]_i_4_n_0
    SLICE_X30Y84         LUT6 (Prop_lut6_I2_O)        0.124    13.914 r  uNTT/rA[10][6]_i_3/O
                         net (fo=1, routed)           0.605    14.519    uNTT/rA[10][6]_i_3_n_0
    SLICE_X30Y84         LUT2 (Prop_lut2_I1_O)        0.124    14.643 r  uNTT/rA[10][6]_i_1/O
                         net (fo=1, routed)           0.000    14.643    uNTT/rA[10][6]_i_1_n_0
    SLICE_X30Y84         FDRE                                         r  uNTT/rA_reg[10][6]/D
  -------------------------------------------------------------------    -------------------

                         (clock clk rise edge)       10.000    10.000 r  
    U14                                               0.000    10.000 r  clk (IN)
                         net (fo=0)                   0.000    10.000    clk
    U14                  IBUF (Prop_ibuf_I_O)         0.912    10.912 r  clk_IBUF_inst/O
                         net (fo=1, routed)           1.880    12.792    clk_IBUF
    BUFGCTRL_X0Y0        BUFG (Prop_bufg_I_O)         0.091    12.883 r  clk_IBUF_BUFG_inst/O
                         net (fo=2589, routed)        1.483    14.365    uNTT/clk
    SLICE_X30Y84         FDRE                                         r  uNTT/rA_reg[10][6]/C
                         clock pessimism              0.354    14.720    
                         clock uncertainty           -0.035    14.684    
    SLICE_X30Y84         FDRE (Setup_fdre_C_D)        0.077    14.761    uNTT/rA_reg[10][6]
  -------------------------------------------------------------------
                         required time                         14.761    
                         arrival time                         -14.643    
  -------------------------------------------------------------------
                         slack                                  0.118    

Slack (MET) :             0.126ns  (required time - arrival time)
  Source:                 uNTT/offset_reg[1][1]/C
                            (rising edge-triggered cell FDRE clocked by clk  {rise@0.000ns fall@5.000ns period=10.000ns})
  Destination:            uNTT/rA_reg[9][4]/D
                            (rising edge-triggered cell FDRE clocked by clk  {rise@0.000ns fall@5.000ns period=10.000ns})
  Path Group:             clk
  Path Type:              Setup (Max at Slow Process Corner)
  Requirement:            10.000ns  (clk rise@10.000ns - clk rise@0.000ns)
  Data Path Delay:        9.880ns  (logic 2.276ns (23.037%)  route 7.604ns (76.963%))
  Logic Levels:           11  (LUT3=2 LUT4=1 LUT5=1 LUT6=7)
  Clock Path Skew:        -0.040ns (DCD - SCD + CPR)
    Destination Clock Delay (DCD):    4.378ns = ( 14.378 - 10.000 ) 
    Source Clock Delay      (SCD):    4.873ns
    Clock Pessimism Removal (CPR):    0.455ns
  Clock Uncertainty:      0.035ns  ((TSJ^2 + TIJ^2)^1/2 + DJ) / 2 + PE
    Total System Jitter     (TSJ):    0.071ns
    Total Input Jitter      (TIJ):    0.000ns
    Discrete Jitter          (DJ):    0.000ns
    Phase Error              (PE):    0.000ns

    Location             Delay type                Incr(ns)  Path(ns)    Netlist Resource(s)
  -------------------------------------------------------------------    -------------------
                         (clock clk rise edge)        0.000     0.000 r  
    U14                                               0.000     0.000 r  clk (IN)
                         net (fo=0)                   0.000     0.000    clk
    U14                  IBUF (Prop_ibuf_I_O)         1.046     1.046 r  clk_IBUF_inst/O
                         net (fo=1, routed)           2.076     3.122    clk_IBUF
    BUFGCTRL_X0Y0        BUFG (Prop_bufg_I_O)         0.101     3.223 r  clk_IBUF_BUFG_inst/O
                         net (fo=2589, routed)        1.650     4.873    uNTT/clk
    SLICE_X21Y69         FDRE                                         r  uNTT/offset_reg[1][1]/C
  -------------------------------------------------------------------    -------------------
    SLICE_X21Y69         FDRE (Prop_fdre_C_Q)         0.456     5.329 r  uNTT/offset_reg[1][1]/Q
                         net (fo=51, routed)          0.674     6.003    uNTT/offset_reg[1][1]
    SLICE_X17Y69         LUT3 (Prop_lut3_I1_O)        0.124     6.127 f  uNTT/rBfuB[1][13]_i_17/O
                         net (fo=2, routed)           0.781     6.908    uNTT/p_29_out[2]
    SLICE_X18Y70         LUT6 (Prop_lut6_I5_O)        0.124     7.032 r  uNTT/rBfuB[1][13]_i_5/O
                         net (fo=9, routed)           0.517     7.548    uNTT/rBfuB[1][13]_i_5_n_0
    SLICE_X20Y69         LUT4 (Prop_lut4_I1_O)        0.124     7.672 f  uNTT/rBfuB[1][13]_i_2/O
                         net (fo=62, routed)          1.072     8.744    uNTT/rBfuB[1][13]_i_2_n_0
    SLICE_X17Y70         LUT5 (Prop_lut5_I3_O)        0.150     8.894 r  uNTT/rA[9][13]_i_22/O
                         net (fo=28, routed)          1.236    10.130    uNTT/rA[9][13]_i_22_n_0
    SLICE_X19Y79         LUT3 (Prop_lut3_I0_O)        0.352    10.482 f  uNTT/rA[9][4]_i_25/O
                         net (fo=1, routed)           0.746    11.228    uNTT/rA[9][4]_i_25_n_0
    SLICE_X16Y82         LUT6 (Prop_lut6_I5_O)        0.326    11.554 f  uNTT/rA[9][4]_i_18/O
                         net (fo=2, routed)           0.758    12.313    uNTT/rA[9][4]_i_18_n_0
    SLICE_X14Y87         LUT6 (Prop_lut6_I5_O)        0.124    12.437 r  uNTT/rA[9][4]_i_21/O
                         net (fo=2, routed)           0.473    12.910    uNTT/rA[9][4]_i_21_n_0
    SLICE_X12Y88         LUT6 (Prop_lut6_I3_O)        0.124    13.034 r  uNTT/rA[9][4]_i_15/O
                         net (fo=1, routed)           0.466    13.500    uNTT/rA[9][4]_i_15_n_0
    SLICE_X12Y88         LUT6 (Prop_lut6_I3_O)        0.124    13.624 f  uNTT/rA[9][4]_i_6/O
                         net (fo=1, routed)           0.445    14.069    uNTT/rA[9][4]_i_6_n_0
    SLICE_X12Y91         LUT6 (Prop_lut6_I1_O)        0.124    14.193 f  uNTT/rA[9][4]_i_3/O
                         net (fo=1, routed)           0.436    14.629    uNTT/rA[9][4]_i_3_n_0
    SLICE_X12Y91         LUT6 (Prop_lut6_I1_O)        0.124    14.753 r  uNTT/rA[9][4]_i_1/O
                         net (fo=1, routed)           0.000    14.753    uNTT/rA[9][4]_i_1_n_0
    SLICE_X12Y91         FDRE                                         r  uNTT/rA_reg[9][4]/D
  -------------------------------------------------------------------    -------------------

                         (clock clk rise edge)       10.000    10.000 r  
    U14                                               0.000    10.000 r  clk (IN)
                         net (fo=0)                   0.000    10.000    clk
    U14                  IBUF (Prop_ibuf_I_O)         0.912    10.912 r  clk_IBUF_inst/O
                         net (fo=1, routed)           1.880    12.792    clk_IBUF
    BUFGCTRL_X0Y0        BUFG (Prop_bufg_I_O)         0.091    12.883 r  clk_IBUF_BUFG_inst/O
                         net (fo=2589, routed)        1.496    14.378    uNTT/clk
    SLICE_X12Y91         FDRE                                         r  uNTT/rA_reg[9][4]/C
                         clock pessimism              0.455    14.833    
                         clock uncertainty           -0.035    14.798    
    SLICE_X12Y91         FDRE (Setup_fdre_C_D)        0.081    14.879    uNTT/rA_reg[9][4]
  -------------------------------------------------------------------
                         required time                         14.879    
                         arrival time                         -14.753    
  -------------------------------------------------------------------
                         slack                                  0.126    

Slack (MET) :             0.130ns  (required time - arrival time)
  Source:                 uNTT/rStageCnt_reg[1]/C
                            (rising edge-triggered cell FDRE clocked by clk  {rise@0.000ns fall@5.000ns period=10.000ns})
  Destination:            uNTT/rA_reg[4][6]/D
                            (rising edge-triggered cell FDRE clocked by clk  {rise@0.000ns fall@5.000ns period=10.000ns})
  Path Group:             clk
  Path Type:              Setup (Max at Slow Process Corner)
  Requirement:            10.000ns  (clk rise@10.000ns - clk rise@0.000ns)
  Data Path Delay:        9.789ns  (logic 2.082ns (21.268%)  route 7.707ns (78.732%))
  Logic Levels:           12  (LUT3=1 LUT4=1 LUT5=2 LUT6=8)
  Clock Path Skew:        -0.076ns (DCD - SCD + CPR)
    Destination Clock Delay (DCD):    4.441ns = ( 14.441 - 10.000 ) 
    Source Clock Delay      (SCD):    4.872ns
    Clock Pessimism Removal (CPR):    0.354ns
  Clock Uncertainty:      0.035ns  ((TSJ^2 + TIJ^2)^1/2 + DJ) / 2 + PE
    Total System Jitter     (TSJ):    0.071ns
    Total Input Jitter      (TIJ):    0.000ns
    Discrete Jitter          (DJ):    0.000ns
    Phase Error              (PE):    0.000ns

    Location             Delay type                Incr(ns)  Path(ns)    Netlist Resource(s)
  -------------------------------------------------------------------    -------------------
                         (clock clk rise edge)        0.000     0.000 r  
    U14                                               0.000     0.000 r  clk (IN)
                         net (fo=0)                   0.000     0.000    clk
    U14                  IBUF (Prop_ibuf_I_O)         1.046     1.046 r  clk_IBUF_inst/O
                         net (fo=1, routed)           2.076     3.122    clk_IBUF
    BUFGCTRL_X0Y0        BUFG (Prop_bufg_I_O)         0.101     3.223 r  clk_IBUF_BUFG_inst/O
                         net (fo=2589, routed)        1.649     4.872    uNTT/clk
    SLICE_X18Y71         FDRE                                         r  uNTT/rStageCnt_reg[1]/C
  -------------------------------------------------------------------    -------------------
    SLICE_X18Y71         FDRE (Prop_fdre_C_Q)         0.419     5.291 r  uNTT/rStageCnt_reg[1]/Q
                         net (fo=44, routed)          0.849     6.140    uNTT/rStageCnt_reg[1]
    SLICE_X17Y70         LUT4 (Prop_lut4_I3_O)        0.299     6.439 f  uNTT/rW_reg_r1_0_31_0_5_i_22/O
                         net (fo=55, routed)          0.746     7.185    uNTT/rW_reg_r1_0_31_0_5_i_22_n_0
    SLICE_X17Y71         LUT6 (Prop_lut6_I5_O)        0.124     7.309 r  uNTT/rBfuB[0][13]_i_14/O
                         net (fo=7, routed)           0.361     7.670    uNTT/rBfuB[0][13]_i_14_n_0
    SLICE_X19Y71         LUT5 (Prop_lut5_I0_O)        0.124     7.794 f  uNTT/rBfuB[0][13]_i_5/O
                         net (fo=39, routed)          1.095     8.889    uNTT/p_30_out[4]
    SLICE_X23Y67         LUT5 (Prop_lut5_I1_O)        0.124     9.013 r  uNTT/rA[4][13]_i_19/O
                         net (fo=15, routed)          0.660     9.673    uNTT/rA[4][13]_i_19_n_0
    SLICE_X23Y68         LUT3 (Prop_lut3_I1_O)        0.124     9.797 r  uNTT/rA[4][6]_i_25/O
                         net (fo=1, routed)           0.678    10.475    uNTT/rA[4][6]_i_25_n_0
    SLICE_X25Y66         LUT6 (Prop_lut6_I3_O)        0.124    10.599 f  uNTT/rA[4][6]_i_22/O
                         net (fo=1, routed)           0.665    11.264    uNTT/rA[4][6]_i_22_n_0
    SLICE_X26Y66         LUT6 (Prop_lut6_I3_O)        0.124    11.388 f  uNTT/rA[4][6]_i_19/O
                         net (fo=1, routed)           0.339    11.727    uNTT/rA[4][6]_i_19_n_0
    SLICE_X27Y66         LUT6 (Prop_lut6_I4_O)        0.124    11.851 r  uNTT/rA[4][6]_i_15/O
                         net (fo=1, routed)           0.735    12.586    uNTT/rA[4][6]_i_15_n_0
    SLICE_X33Y66         LUT6 (Prop_lut6_I1_O)        0.124    12.710 r  uNTT/rA[4][6]_i_9/O
                         net (fo=4, routed)           0.692    13.402    uNTT/rA[4][6]_i_9_n_0
    SLICE_X36Y65         LUT6 (Prop_lut6_I3_O)        0.124    13.526 f  uNTT/rA[4][6]_i_8/O
                         net (fo=1, routed)           0.484    14.010    uNTT/rA[4][6]_i_8_n_0
    SLICE_X37Y65         LUT6 (Prop_lut6_I2_O)        0.124    14.134 f  uNTT/rA[4][6]_i_3/O
                         net (fo=1, routed)           0.403    14.537    uNTT/rA[4][6]_i_3_n_0
    SLICE_X37Y65         LUT6 (Prop_lut6_I1_O)        0.124    14.661 r  uNTT/rA[4][6]_i_1/O
                         net (fo=1, routed)           0.000    14.661    uNTT/rA[4][6]_i_1_n_0
    SLICE_X37Y65         FDRE                                         r  uNTT/rA_reg[4][6]/D
  -------------------------------------------------------------------    -------------------

                         (clock clk rise edge)       10.000    10.000 r  
    U14                                               0.000    10.000 r  clk (IN)
                         net (fo=0)                   0.000    10.000    clk
    U14                  IBUF (Prop_ibuf_I_O)         0.912    10.912 r  clk_IBUF_inst/O
                         net (fo=1, routed)           1.880    12.792    clk_IBUF
    BUFGCTRL_X0Y0        BUFG (Prop_bufg_I_O)         0.091    12.883 r  clk_IBUF_BUFG_inst/O
                         net (fo=2589, routed)        1.559    14.441    uNTT/clk
    SLICE_X37Y65         FDRE                                         r  uNTT/rA_reg[4][6]/C
                         clock pessimism              0.354    14.796    
                         clock uncertainty           -0.035    14.760    
    SLICE_X37Y65         FDRE (Setup_fdre_C_D)        0.031    14.791    uNTT/rA_reg[4][6]
  -------------------------------------------------------------------
                         required time                         14.791    
                         arrival time                         -14.661    
  -------------------------------------------------------------------
                         slack                                  0.130    

Slack (MET) :             0.203ns  (required time - arrival time)
  Source:                 uNTT/offset_reg[1][1]/C
                            (rising edge-triggered cell FDRE clocked by clk  {rise@0.000ns fall@5.000ns period=10.000ns})
  Destination:            uNTT/rA_reg[28][11]/D
                            (rising edge-triggered cell FDRE clocked by clk  {rise@0.000ns fall@5.000ns period=10.000ns})
  Path Group:             clk
  Path Type:              Setup (Max at Slow Process Corner)
  Requirement:            10.000ns  (clk rise@10.000ns - clk rise@0.000ns)
  Data Path Delay:        9.705ns  (logic 2.284ns (23.533%)  route 7.421ns (76.467%))
  Logic Levels:           11  (LUT3=1 LUT4=2 LUT5=1 LUT6=7)
  Clock Path Skew:        -0.087ns (DCD - SCD + CPR)
    Destination Clock Delay (DCD):    4.431ns = ( 14.431 - 10.000 ) 
    Source Clock Delay      (SCD):    4.873ns
    Clock Pessimism Removal (CPR):    0.354ns
  Clock Uncertainty:      0.035ns  ((TSJ^2 + TIJ^2)^1/2 + DJ) / 2 + PE
    Total System Jitter     (TSJ):    0.071ns
    Total Input Jitter      (TIJ):    0.000ns
    Discrete Jitter          (DJ):    0.000ns
    Phase Error              (PE):    0.000ns

    Location             Delay type                Incr(ns)  Path(ns)    Netlist Resource(s)
  -------------------------------------------------------------------    -------------------
                         (clock clk rise edge)        0.000     0.000 r  
    U14                                               0.000     0.000 r  clk (IN)
                         net (fo=0)                   0.000     0.000    clk
    U14                  IBUF (Prop_ibuf_I_O)         1.046     1.046 r  clk_IBUF_inst/O
                         net (fo=1, routed)           2.076     3.122    clk_IBUF
    BUFGCTRL_X0Y0        BUFG (Prop_bufg_I_O)         0.101     3.223 r  clk_IBUF_BUFG_inst/O
                         net (fo=2589, routed)        1.650     4.873    uNTT/clk
    SLICE_X21Y69         FDRE                                         r  uNTT/offset_reg[1][1]/C
  -------------------------------------------------------------------    -------------------
    SLICE_X21Y69         FDRE (Prop_fdre_C_Q)         0.456     5.329 r  uNTT/offset_reg[1][1]/Q
                         net (fo=51, routed)          0.674     6.003    uNTT/offset_reg[1][1]
    SLICE_X17Y69         LUT3 (Prop_lut3_I1_O)        0.124     6.127 f  uNTT/rBfuB[1][13]_i_17/O
                         net (fo=2, routed)           0.781     6.908    uNTT/p_29_out[2]
    SLICE_X18Y70         LUT6 (Prop_lut6_I5_O)        0.124     7.032 r  uNTT/rBfuB[1][13]_i_5/O
                         net (fo=9, routed)           0.517     7.548    uNTT/rBfuB[1][13]_i_5_n_0
    SLICE_X20Y69         LUT4 (Prop_lut4_I1_O)        0.124     7.672 r  uNTT/rBfuB[1][13]_i_2/O
                         net (fo=62, routed)          1.117     8.789    uNTT/rBfuB[1][13]_i_2_n_0
    SLICE_X23Y71         LUT5 (Prop_lut5_I3_O)        0.152     8.941 r  uNTT/rA[28][13]_i_11/O
                         net (fo=15, routed)          0.945     9.887    uNTT/rA[28][13]_i_11_n_0
    SLICE_X23Y77         LUT4 (Prop_lut4_I3_O)        0.358    10.245 f  uNTT/rA[28][11]_i_13/O
                         net (fo=1, routed)           0.928    11.172    uNTT/rA[28][11]_i_13_n_0
    SLICE_X28Y73         LUT6 (Prop_lut6_I4_O)        0.326    11.498 r  uNTT/rA[28][11]_i_12/O
                         net (fo=1, routed)           0.603    12.101    uNTT/rA[28][11]_i_12_n_0
    SLICE_X33Y73         LUT6 (Prop_lut6_I2_O)        0.124    12.225 r  uNTT/rA[28][11]_i_11/O
                         net (fo=1, routed)           0.741    12.966    uNTT/rA[28][11]_i_11_n_0
    SLICE_X38Y73         LUT6 (Prop_lut6_I0_O)        0.124    13.090 r  uNTT/rA[28][11]_i_9/O
                         net (fo=1, routed)           0.306    13.396    uNTT/rA[28][11]_i_9_n_0
    SLICE_X40Y73         LUT6 (Prop_lut6_I3_O)        0.124    13.520 f  uNTT/rA[28][11]_i_7/O
                         net (fo=1, routed)           0.403    13.923    uNTT/rA[28][11]_i_7_n_0
    SLICE_X41Y74         LUT6 (Prop_lut6_I4_O)        0.124    14.047 f  uNTT/rA[28][11]_i_5/O
                         net (fo=1, routed)           0.407    14.454    uNTT/rA[28][11]_i_5_n_0
    SLICE_X41Y74         LUT6 (Prop_lut6_I5_O)        0.124    14.578 r  uNTT/rA[28][11]_i_1/O
                         net (fo=1, routed)           0.000    14.578    uNTT/rA[28][11]_i_1_n_0
    SLICE_X41Y74         FDRE                                         r  uNTT/rA_reg[28][11]/D
  -------------------------------------------------------------------    -------------------

                         (clock clk rise edge)       10.000    10.000 r  
    U14                                               0.000    10.000 r  clk (IN)
                         net (fo=0)                   0.000    10.000    clk
    U14                  IBUF (Prop_ibuf_I_O)         0.912    10.912 r  clk_IBUF_inst/O
                         net (fo=1, routed)           1.880    12.792    clk_IBUF
    BUFGCTRL_X0Y0        BUFG (Prop_bufg_I_O)         0.091    12.883 r  clk_IBUF_BUFG_inst/O
                         net (fo=2589, routed)        1.549    14.431    uNTT/clk
    SLICE_X41Y74         FDRE                                         r  uNTT/rA_reg[28][11]/C
                         clock pessimism              0.354    14.786    
                         clock uncertainty           -0.035    14.750    
    SLICE_X41Y74         FDRE (Setup_fdre_C_D)        0.031    14.781    uNTT/rA_reg[28][11]
  -------------------------------------------------------------------
                         required time                         14.781    
                         arrival time                         -14.578    
  -------------------------------------------------------------------
                         slack                                  0.203    

Slack (MET) :             0.216ns  (required time - arrival time)
  Source:                 uNTT/rStageCnt_reg[1]/C
                            (rising edge-triggered cell FDRE clocked by clk  {rise@0.000ns fall@5.000ns period=10.000ns})
  Destination:            uNTT/rA_reg[2][12]/D
                            (rising edge-triggered cell FDRE clocked by clk  {rise@0.000ns fall@5.000ns period=10.000ns})
  Path Group:             clk
  Path Type:              Setup (Max at Slow Process Corner)
  Requirement:            10.000ns  (clk rise@10.000ns - clk rise@0.000ns)
  Data Path Delay:        9.669ns  (logic 1.834ns (18.968%)  route 7.835ns (81.032%))
  Logic Levels:           10  (LUT2=1 LUT3=1 LUT5=2 LUT6=6)
  Clock Path Skew:        -0.160ns (DCD - SCD + CPR)
    Destination Clock Delay (DCD):    4.357ns = ( 14.357 - 10.000 ) 
    Source Clock Delay      (SCD):    4.872ns
    Clock Pessimism Removal (CPR):    0.354ns
  Clock Uncertainty:      0.035ns  ((TSJ^2 + TIJ^2)^1/2 + DJ) / 2 + PE
    Total System Jitter     (TSJ):    0.071ns
    Total Input Jitter      (TIJ):    0.000ns
    Discrete Jitter          (DJ):    0.000ns
    Phase Error              (PE):    0.000ns

    Location             Delay type                Incr(ns)  Path(ns)    Netlist Resource(s)
  -------------------------------------------------------------------    -------------------
                         (clock clk rise edge)        0.000     0.000 r  
    U14                                               0.000     0.000 r  clk (IN)
                         net (fo=0)                   0.000     0.000    clk
    U14                  IBUF (Prop_ibuf_I_O)         1.046     1.046 r  clk_IBUF_inst/O
                         net (fo=1, routed)           2.076     3.122    clk_IBUF
    BUFGCTRL_X0Y0        BUFG (Prop_bufg_I_O)         0.101     3.223 r  clk_IBUF_BUFG_inst/O
                         net (fo=2589, routed)        1.649     4.872    uNTT/clk
    SLICE_X18Y71         FDRE                                         r  uNTT/rStageCnt_reg[1]/C
  -------------------------------------------------------------------    -------------------
    SLICE_X18Y71         FDRE (Prop_fdre_C_Q)         0.419     5.291 r  uNTT/rStageCnt_reg[1]/Q
                         net (fo=44, routed)          0.743     6.034    uNTT/rStageCnt_reg[1]
    SLICE_X19Y70         LUT3 (Prop_lut3_I0_O)        0.299     6.333 r  uNTT/rBfuB[1][13]_i_20/O
                         net (fo=6, routed)           0.859     7.192    uNTT/rBfuB[1][13]_i_20_n_0
    SLICE_X17Y70         LUT6 (Prop_lut6_I3_O)        0.124     7.316 r  uNTT/rBfuB[1][13]_i_10/O
                         net (fo=81, routed)          1.516     8.833    uNTT/rBfuB[1][13]_i_10_n_0
    SLICE_X22Y78         LUT6 (Prop_lut6_I4_O)        0.124     8.957 r  uNTT/rA[26][7]_i_19/O
                         net (fo=33, routed)          1.183    10.140    uNTT/rA[26][7]_i_19_n_0
    SLICE_X26Y82         LUT5 (Prop_lut5_I2_O)        0.124    10.264 f  uNTT/rA[18][12]_i_23/O
                         net (fo=1, routed)           0.802    11.065    uNTT/rA[18][12]_i_23_n_0
    SLICE_X27Y84         LUT6 (Prop_lut6_I2_O)        0.124    11.189 f  uNTT/rA[18][12]_i_13/O
                         net (fo=4, routed)           0.829    12.019    uNTT/rA[18][12]_i_13_n_0
    SLICE_X33Y76         LUT5 (Prop_lut5_I0_O)        0.124    12.143 r  uNTT/rA[2][12]_i_12/O
                         net (fo=2, routed)           0.557    12.700    uNTT/rA[2][12]_i_12_n_0
    SLICE_X33Y75         LUT6 (Prop_lut6_I4_O)        0.124    12.824 f  uNTT/rA[2][12]_i_9/O
                         net (fo=1, routed)           0.596    13.419    uNTT/rA[2][12]_i_9_n_0
    SLICE_X34Y75         LUT6 (Prop_lut6_I3_O)        0.124    13.543 f  uNTT/rA[2][12]_i_4/O
                         net (fo=2, routed)           0.315    13.858    uNTT/rA[2][12]_i_4_n_0
    SLICE_X34Y76         LUT6 (Prop_lut6_I1_O)        0.124    13.982 f  uNTT/rA[2][12]_i_2/O
                         net (fo=1, routed)           0.435    14.417    uNTT/rA[2][12]_i_2_n_0
    SLICE_X32Y76         LUT2 (Prop_lut2_I0_O)        0.124    14.541 r  uNTT/rA[2][12]_i_1/O
                         net (fo=1, routed)           0.000    14.541    uNTT/rA[2][12]_i_1_n_0
    SLICE_X32Y76         FDRE                                         r  uNTT/rA_reg[2][12]/D
  -------------------------------------------------------------------    -------------------

                         (clock clk rise edge)       10.000    10.000 r  
    U14                                               0.000    10.000 r  clk (IN)
                         net (fo=0)                   0.000    10.000    clk
    U14                  IBUF (Prop_ibuf_I_O)         0.912    10.912 r  clk_IBUF_inst/O
                         net (fo=1, routed)           1.880    12.792    clk_IBUF
    BUFGCTRL_X0Y0        BUFG (Prop_bufg_I_O)         0.091    12.883 r  clk_IBUF_BUFG_inst/O
                         net (fo=2589, routed)        1.475    14.357    uNTT/clk
    SLICE_X32Y76         FDRE                                         r  uNTT/rA_reg[2][12]/C
                         clock pessimism              0.354    14.712    
                         clock uncertainty           -0.035    14.676    
    SLICE_X32Y76         FDRE (Setup_fdre_C_D)        0.081    14.757    uNTT/rA_reg[2][12]
  -------------------------------------------------------------------
                         required time                         14.757    
                         arrival time                         -14.541    
  -------------------------------------------------------------------
                         slack                                  0.216    

Slack (MET) :             0.218ns  (required time - arrival time)
  Source:                 uNTT/offset_reg[1][1]/C
                            (rising edge-triggered cell FDRE clocked by clk  {rise@0.000ns fall@5.000ns period=10.000ns})
  Destination:            uNTT/rA_reg[14][10]/D
                            (rising edge-triggered cell FDRE clocked by clk  {rise@0.000ns fall@5.000ns period=10.000ns})
  Path Group:             clk
  Path Type:              Setup (Max at Slow Process Corner)
  Requirement:            10.000ns  (clk rise@10.000ns - clk rise@0.000ns)
  Data Path Delay:        9.824ns  (logic 2.140ns (21.784%)  route 7.684ns (78.216%))
  Logic Levels:           12  (LUT3=1 LUT4=1 LUT5=4 LUT6=6)
  Clock Path Skew:        0.000ns (DCD - SCD + CPR)
    Destination Clock Delay (DCD):    4.418ns = ( 14.418 - 10.000 ) 
    Source Clock Delay      (SCD):    4.873ns
    Clock Pessimism Removal (CPR):    0.455ns
  Clock Uncertainty:      0.035ns  ((TSJ^2 + TIJ^2)^1/2 + DJ) / 2 + PE
    Total System Jitter     (TSJ):    0.071ns
    Total Input Jitter      (TIJ):    0.000ns
    Discrete Jitter          (DJ):    0.000ns
    Phase Error              (PE):    0.000ns

    Location             Delay type                Incr(ns)  Path(ns)    Netlist Resource(s)
  -------------------------------------------------------------------    -------------------
                         (clock clk rise edge)        0.000     0.000 r  
    U14                                               0.000     0.000 r  clk (IN)
                         net (fo=0)                   0.000     0.000    clk
    U14                  IBUF (Prop_ibuf_I_O)         1.046     1.046 r  clk_IBUF_inst/O
                         net (fo=1, routed)           2.076     3.122    clk_IBUF
    BUFGCTRL_X0Y0        BUFG (Prop_bufg_I_O)         0.101     3.223 r  clk_IBUF_BUFG_inst/O
                         net (fo=2589, routed)        1.650     4.873    uNTT/clk
    SLICE_X21Y69         FDRE                                         r  uNTT/offset_reg[1][1]/C
  -------------------------------------------------------------------    -------------------
    SLICE_X21Y69         FDRE (Prop_fdre_C_Q)         0.456     5.329 r  uNTT/offset_reg[1][1]/Q
                         net (fo=51, routed)          0.674     6.003    uNTT/offset_reg[1][1]
    SLICE_X17Y69         LUT3 (Prop_lut3_I1_O)        0.124     6.127 f  uNTT/rBfuB[1][13]_i_17/O
                         net (fo=2, routed)           0.781     6.908    uNTT/p_29_out[2]
    SLICE_X18Y70         LUT6 (Prop_lut6_I5_O)        0.124     7.032 r  uNTT/rBfuB[1][13]_i_5/O
                         net (fo=9, routed)           0.517     7.548    uNTT/rBfuB[1][13]_i_5_n_0
    SLICE_X20Y69         LUT4 (Prop_lut4_I1_O)        0.124     7.672 f  uNTT/rBfuB[1][13]_i_2/O
                         net (fo=62, routed)          1.065     8.737    uNTT/rBfuB[1][13]_i_2_n_0
    SLICE_X15Y73         LUT5 (Prop_lut5_I2_O)        0.118     8.855 r  uNTT/rA[14][13]_i_10/O
                         net (fo=12, routed)          0.796     9.651    uNTT/rA[14][13]_i_10_n_0
    SLICE_X8Y78          LUT5 (Prop_lut5_I1_O)        0.326     9.977 r  uNTT/rA[14][10]_i_20/O
                         net (fo=1, routed)           0.638    10.615    uNTT/rA[14][10]_i_20_n_0
    SLICE_X8Y78          LUT5 (Prop_lut5_I4_O)        0.124    10.739 f  uNTT/rA[14][10]_i_18/O
                         net (fo=1, routed)           0.732    11.472    uNTT/rA[14][10]_i_18_n_0
    SLICE_X4Y84          LUT5 (Prop_lut5_I4_O)        0.124    11.596 f  uNTT/rA[14][10]_i_16/O
                         net (fo=1, routed)           0.590    12.186    uNTT/rA[14][10]_i_16_n_0
    SLICE_X4Y88          LUT6 (Prop_lut6_I2_O)        0.124    12.310 r  uNTT/rA[14][10]_i_12/O
                         net (fo=1, routed)           0.427    12.737    uNTT/rA[14][10]_i_12_n_0
    SLICE_X2Y88          LUT6 (Prop_lut6_I0_O)        0.124    12.861 f  uNTT/rA[14][10]_i_8/O
                         net (fo=3, routed)           0.547    13.409    uNTT/rA[14][10]_i_8_n_0
    SLICE_X0Y92          LUT6 (Prop_lut6_I2_O)        0.124    13.533 r  uNTT/rA[14][10]_i_7/O
                         net (fo=2, routed)           0.464    13.997    uNTT/rA[14][10]_i_7_n_0
    SLICE_X0Y92          LUT6 (Prop_lut6_I1_O)        0.124    14.121 f  uNTT/rA[14][10]_i_3/O
                         net (fo=1, routed)           0.452    14.572    uNTT/rA[14][10]_i_3_n_0
    SLICE_X0Y92          LUT6 (Prop_lut6_I1_O)        0.124    14.696 r  uNTT/rA[14][10]_i_1/O
                         net (fo=1, routed)           0.000    14.696    uNTT/rA[14][10]_i_1_n_0
    SLICE_X0Y92          FDRE                                         r  uNTT/rA_reg[14][10]/D
  -------------------------------------------------------------------    -------------------

                         (clock clk rise edge)       10.000    10.000 r  
    U14                                               0.000    10.000 r  clk (IN)
                         net (fo=0)                   0.000    10.000    clk
    U14                  IBUF (Prop_ibuf_I_O)         0.912    10.912 r  clk_IBUF_inst/O
                         net (fo=1, routed)           1.880    12.792    clk_IBUF
    BUFGCTRL_X0Y0        BUFG (Prop_bufg_I_O)         0.091    12.883 r  clk_IBUF_BUFG_inst/O
                         net (fo=2589, routed)        1.536    14.418    uNTT/clk
    SLICE_X0Y92          FDRE                                         r  uNTT/rA_reg[14][10]/C
                         clock pessimism              0.455    14.873    
                         clock uncertainty           -0.035    14.838    
    SLICE_X0Y92          FDRE (Setup_fdre_C_D)        0.077    14.915    uNTT/rA_reg[14][10]
  -------------------------------------------------------------------
                         required time                         14.915    
                         arrival time                         -14.696    
  -------------------------------------------------------------------
                         slack                                  0.218    

Slack (MET) :             0.225ns  (required time - arrival time)
  Source:                 uNTT/rStageCnt_reg[1]/C
                            (rising edge-triggered cell FDRE clocked by clk  {rise@0.000ns fall@5.000ns period=10.000ns})
  Destination:            uNTT/rA_reg[13][5]/D
                            (rising edge-triggered cell FDRE clocked by clk  {rise@0.000ns fall@5.000ns period=10.000ns})
  Path Group:             clk
  Path Type:              Setup (Max at Slow Process Corner)
  Requirement:            10.000ns  (clk rise@10.000ns - clk rise@0.000ns)
  Data Path Delay:        9.771ns  (logic 2.082ns (21.308%)  route 7.689ns (78.692%))
  Logic Levels:           12  (LUT2=1 LUT4=1 LUT5=5 LUT6=5)
  Clock Path Skew:        -0.046ns (DCD - SCD + CPR)
    Destination Clock Delay (DCD):    4.371ns = ( 14.371 - 10.000 ) 
    Source Clock Delay      (SCD):    4.872ns
    Clock Pessimism Removal (CPR):    0.455ns
  Clock Uncertainty:      0.035ns  ((TSJ^2 + TIJ^2)^1/2 + DJ) / 2 + PE
    Total System Jitter     (TSJ):    0.071ns
    Total Input Jitter      (TIJ):    0.000ns
    Discrete Jitter          (DJ):    0.000ns
    Phase Error              (PE):    0.000ns

    Location             Delay type                Incr(ns)  Path(ns)    Netlist Resource(s)
  -------------------------------------------------------------------    -------------------
                         (clock clk rise edge)        0.000     0.000 r  
    U14                                               0.000     0.000 r  clk (IN)
                         net (fo=0)                   0.000     0.000    clk
    U14                  IBUF (Prop_ibuf_I_O)         1.046     1.046 r  clk_IBUF_inst/O
                         net (fo=1, routed)           2.076     3.122    clk_IBUF
    BUFGCTRL_X0Y0        BUFG (Prop_bufg_I_O)         0.101     3.223 r  clk_IBUF_BUFG_inst/O
                         net (fo=2589, routed)        1.649     4.872    uNTT/clk
    SLICE_X18Y71         FDRE                                         r  uNTT/rStageCnt_reg[1]/C
  -------------------------------------------------------------------    -------------------
    SLICE_X18Y71         FDRE (Prop_fdre_C_Q)         0.419     5.291 r  uNTT/rStageCnt_reg[1]/Q
                         net (fo=44, routed)          0.849     6.140    uNTT/rStageCnt_reg[1]
    SLICE_X17Y70         LUT4 (Prop_lut4_I3_O)        0.299     6.439 f  uNTT/rW_reg_r1_0_31_0_5_i_22/O
                         net (fo=55, routed)          0.746     7.185    uNTT/rW_reg_r1_0_31_0_5_i_22_n_0
    SLICE_X17Y71         LUT6 (Prop_lut6_I5_O)        0.124     7.309 r  uNTT/rBfuB[0][13]_i_14/O
                         net (fo=7, routed)           0.361     7.670    uNTT/rBfuB[0][13]_i_14_n_0
    SLICE_X19Y71         LUT5 (Prop_lut5_I0_O)        0.124     7.794 f  uNTT/rBfuB[0][13]_i_5/O
                         net (fo=39, routed)          0.883     8.677    uNTT/p_30_out[4]
    SLICE_X15Y65         LUT5 (Prop_lut5_I3_O)        0.124     8.801 r  uNTT/rA[13][13]_i_8/O
                         net (fo=16, routed)          0.682     9.483    uNTT/rA[13][13]_i_8_n_0
    SLICE_X10Y65         LUT6 (Prop_lut6_I5_O)        0.124     9.607 f  uNTT/rA[13][5]_i_18/O
                         net (fo=1, routed)           0.452    10.059    uNTT/rA[13][5]_i_18_n_0
    SLICE_X10Y65         LUT6 (Prop_lut6_I2_O)        0.124    10.183 f  uNTT/rA[13][5]_i_17/O
                         net (fo=1, routed)           0.492    10.675    uNTT/rA[13][5]_i_17_n_0
    SLICE_X10Y65         LUT5 (Prop_lut5_I4_O)        0.124    10.799 f  uNTT/rA[13][5]_i_14/O
                         net (fo=2, routed)           0.935    11.734    uNTT/rA[13][5]_i_14_n_0
    SLICE_X14Y75         LUT2 (Prop_lut2_I1_O)        0.124    11.858 r  uNTT/rA[13][5]_i_8/O
                         net (fo=1, routed)           0.823    12.681    uNTT/rA[13][5]_i_8_n_0
    SLICE_X10Y69         LUT6 (Prop_lut6_I0_O)        0.124    12.805 r  uNTT/rA[13][5]_i_7/O
                         net (fo=2, routed)           0.503    13.309    uNTT/rA[13][5]_i_7_n_0
    SLICE_X10Y67         LUT6 (Prop_lut6_I2_O)        0.124    13.432 f  uNTT/rA[13][5]_i_5/O
                         net (fo=1, routed)           0.466    13.898    uNTT/rA[13][5]_i_5_n_0
    SLICE_X10Y67         LUT5 (Prop_lut5_I4_O)        0.124    14.022 r  uNTT/rA[13][5]_i_2/O
                         net (fo=1, routed)           0.496    14.519    uNTT/rA[13][5]_i_2_n_0
    SLICE_X10Y67         LUT5 (Prop_lut5_I2_O)        0.124    14.643 r  uNTT/rA[13][5]_i_1/O
                         net (fo=1, routed)           0.000    14.643    uNTT/rA[13][5]_i_1_n_0
    SLICE_X10Y67         FDRE                                         r  uNTT/rA_reg[13][5]/D
  -------------------------------------------------------------------    -------------------

                         (clock clk rise edge)       10.000    10.000 r  
    U14                                               0.000    10.000 r  clk (IN)
                         net (fo=0)                   0.000    10.000    clk
    U14                  IBUF (Prop_ibuf_I_O)         0.912    10.912 r  clk_IBUF_inst/O
                         net (fo=1, routed)           1.880    12.792    clk_IBUF
    BUFGCTRL_X0Y0        BUFG (Prop_bufg_I_O)         0.091    12.883 r  clk_IBUF_BUFG_inst/O
                         net (fo=2589, routed)        1.489    14.371    uNTT/clk
    SLICE_X10Y67         FDRE                                         r  uNTT/rA_reg[13][5]/C
                         clock pessimism              0.455    14.826    
                         clock uncertainty           -0.035    14.791    
    SLICE_X10Y67         FDRE (Setup_fdre_C_D)        0.077    14.868    uNTT/rA_reg[13][5]
  -------------------------------------------------------------------
                         required time                         14.868    
                         arrival time                         -14.643    
  -------------------------------------------------------------------
                         slack                                  0.225    

Slack (MET) :             0.230ns  (required time - arrival time)
  Source:                 uNTT/offset_reg[1][1]/C
                            (rising edge-triggered cell FDRE clocked by clk  {rise@0.000ns fall@5.000ns period=10.000ns})
  Destination:            uNTT/rA_reg[9][5]/D
                            (rising edge-triggered cell FDRE clocked by clk  {rise@0.000ns fall@5.000ns period=10.000ns})
  Path Group:             clk
  Path Type:              Setup (Max at Slow Process Corner)
  Requirement:            10.000ns  (clk rise@10.000ns - clk rise@0.000ns)
  Data Path Delay:        9.721ns  (logic 2.280ns (23.453%)  route 7.441ns (76.547%))
  Logic Levels:           11  (LUT3=2 LUT4=1 LUT5=1 LUT6=7)
  Clock Path Skew:        -0.044ns (DCD - SCD + CPR)
    Destination Clock Delay (DCD):    4.374ns = ( 14.374 - 10.000 ) 
    Source Clock Delay      (SCD):    4.873ns
    Clock Pessimism Removal (CPR):    0.455ns
  Clock Uncertainty:      0.035ns  ((TSJ^2 + TIJ^2)^1/2 + DJ) / 2 + PE
    Total System Jitter     (TSJ):    0.071ns
    Total Input Jitter      (TIJ):    0.000ns
    Discrete Jitter          (DJ):    0.000ns
    Phase Error              (PE):    0.000ns

    Location             Delay type                Incr(ns)  Path(ns)    Netlist Resource(s)
  -------------------------------------------------------------------    -------------------
                         (clock clk rise edge)        0.000     0.000 r  
    U14                                               0.000     0.000 r  clk (IN)
                         net (fo=0)                   0.000     0.000    clk
    U14                  IBUF (Prop_ibuf_I_O)         1.046     1.046 r  clk_IBUF_inst/O
                         net (fo=1, routed)           2.076     3.122    clk_IBUF
    BUFGCTRL_X0Y0        BUFG (Prop_bufg_I_O)         0.101     3.223 r  clk_IBUF_BUFG_inst/O
                         net (fo=2589, routed)        1.650     4.873    uNTT/clk
    SLICE_X21Y69         FDRE                                         r  uNTT/offset_reg[1][1]/C
  -------------------------------------------------------------------    -------------------
    SLICE_X21Y69         FDRE (Prop_fdre_C_Q)         0.456     5.329 r  uNTT/offset_reg[1][1]/Q
                         net (fo=51, routed)          0.674     6.003    uNTT/offset_reg[1][1]
    SLICE_X17Y69         LUT3 (Prop_lut3_I1_O)        0.124     6.127 f  uNTT/rBfuB[1][13]_i_17/O
                         net (fo=2, routed)           0.781     6.908    uNTT/p_29_out[2]
    SLICE_X18Y70         LUT6 (Prop_lut6_I5_O)        0.124     7.032 r  uNTT/rBfuB[1][13]_i_5/O
                         net (fo=9, routed)           0.517     7.548    uNTT/rBfuB[1][13]_i_5_n_0
    SLICE_X20Y69         LUT4 (Prop_lut4_I1_O)        0.124     7.672 f  uNTT/rBfuB[1][13]_i_2/O
                         net (fo=62, routed)          1.072     8.744    uNTT/rBfuB[1][13]_i_2_n_0
    SLICE_X17Y70         LUT5 (Prop_lut5_I3_O)        0.150     8.894 r  uNTT/rA[9][13]_i_22/O
                         net (fo=28, routed)          1.534    10.428    uNTT/rA[9][13]_i_22_n_0
    SLICE_X13Y94         LUT3 (Prop_lut3_I1_O)        0.355    10.783 f  uNTT/rA[9][5]_i_24/O
                         net (fo=1, routed)           0.484    11.267    uNTT/rA[9][5]_i_24_n_0
    SLICE_X13Y95         LUT6 (Prop_lut6_I5_O)        0.327    11.594 f  uNTT/rA[9][5]_i_17/O
                         net (fo=2, routed)           0.468    12.062    uNTT/rA[9][5]_i_17_n_0
    SLICE_X14Y97         LUT6 (Prop_lut6_I4_O)        0.124    12.186 r  uNTT/rA[9][5]_i_20/O
                         net (fo=2, routed)           0.465    12.651    uNTT/rA[9][5]_i_20_n_0
    SLICE_X15Y97         LUT6 (Prop_lut6_I3_O)        0.124    12.775 r  uNTT/rA[9][5]_i_14/O
                         net (fo=1, routed)           0.435    13.210    uNTT/rA[9][5]_i_14_n_0
    SLICE_X15Y99         LUT6 (Prop_lut6_I3_O)        0.124    13.334 r  uNTT/rA[9][5]_i_8/O
                         net (fo=1, routed)           0.439    13.773    uNTT/rA[9][5]_i_8_n_0
    SLICE_X13Y99         LUT6 (Prop_lut6_I3_O)        0.124    13.897 f  uNTT/rA[9][5]_i_3/O
                         net (fo=1, routed)           0.573    14.470    uNTT/rA[9][5]_i_3_n_0
    SLICE_X14Y99         LUT6 (Prop_lut6_I1_O)        0.124    14.594 r  uNTT/rA[9][5]_i_1/O
                         net (fo=1, routed)           0.000    14.594    uNTT/rA[9][5]_i_1_n_0
    SLICE_X14Y99         FDRE                                         r  uNTT/rA_reg[9][5]/D
  -------------------------------------------------------------------    -------------------

                         (clock clk rise edge)       10.000    10.000 r  
    U14                                               0.000    10.000 r  clk (IN)
                         net (fo=0)                   0.000    10.000    clk
    U14                  IBUF (Prop_ibuf_I_O)         0.912    10.912 r  clk_IBUF_inst/O
                         net (fo=1, routed)           1.880    12.792    clk_IBUF
    BUFGCTRL_X0Y0        BUFG (Prop_bufg_I_O)         0.091    12.883 r  clk_IBUF_BUFG_inst/O
                         net (fo=2589, routed)        1.492    14.374    uNTT/clk
    SLICE_X14Y99         FDRE                                         r  uNTT/rA_reg[9][5]/C
                         clock pessimism              0.455    14.829    
                         clock uncertainty           -0.035    14.794    
    SLICE_X14Y99         FDRE (Setup_fdre_C_D)        0.031    14.825    uNTT/rA_reg[9][5]
  -------------------------------------------------------------------
                         required time                         14.825    
                         arrival time                         -14.594    
  -------------------------------------------------------------------
                         slack                                  0.230    

Slack (MET) :             0.242ns  (required time - arrival time)
  Source:                 uNTT/rExceedStage_reg/C
                            (rising edge-triggered cell FDRE clocked by clk  {rise@0.000ns fall@5.000ns period=10.000ns})
  Destination:            uNTT/rA_reg[24][10]/D
                            (rising edge-triggered cell FDRE clocked by clk  {rise@0.000ns fall@5.000ns period=10.000ns})
  Path Group:             clk
  Path Type:              Setup (Max at Slow Process Corner)
  Requirement:            10.000ns  (clk rise@10.000ns - clk rise@0.000ns)
  Data Path Delay:        9.711ns  (logic 1.944ns (20.019%)  route 7.767ns (79.981%))
  Logic Levels:           12  (LUT2=1 LUT3=1 LUT5=2 LUT6=8)
  Clock Path Skew:        -0.088ns (DCD - SCD + CPR)
    Destination Clock Delay (DCD):    4.431ns = ( 14.431 - 10.000 ) 
    Source Clock Delay      (SCD):    4.874ns
    Clock Pessimism Removal (CPR):    0.354ns
  Clock Uncertainty:      0.035ns  ((TSJ^2 + TIJ^2)^1/2 + DJ) / 2 + PE
    Total System Jitter     (TSJ):    0.071ns
    Total Input Jitter      (TIJ):    0.000ns
    Discrete Jitter          (DJ):    0.000ns
    Phase Error              (PE):    0.000ns

    Location             Delay type                Incr(ns)  Path(ns)    Netlist Resource(s)
  -------------------------------------------------------------------    -------------------
                         (clock clk rise edge)        0.000     0.000 r  
    U14                                               0.000     0.000 r  clk (IN)
                         net (fo=0)                   0.000     0.000    clk
    U14                  IBUF (Prop_ibuf_I_O)         1.046     1.046 r  clk_IBUF_inst/O
                         net (fo=1, routed)           2.076     3.122    clk_IBUF
    BUFGCTRL_X0Y0        BUFG (Prop_bufg_I_O)         0.101     3.223 r  clk_IBUF_BUFG_inst/O
                         net (fo=2589, routed)        1.651     4.874    uNTT/clk
    SLICE_X18Y69         FDRE                                         r  uNTT/rExceedStage_reg/C
  -------------------------------------------------------------------    -------------------
    SLICE_X18Y69         FDRE (Prop_fdre_C_Q)         0.456     5.330 r  uNTT/rExceedStage_reg/Q
                         net (fo=71, routed)          0.997     6.327    uNTT/rExceedStage
    SLICE_X18Y70         LUT3 (Prop_lut3_I1_O)        0.124     6.451 r  uNTT/rBfuB[0][13]_i_15/O
                         net (fo=28, routed)          0.890     7.341    uNTT/p_31_out[3]
    SLICE_X18Y71         LUT5 (Prop_lut5_I3_O)        0.124     7.465 r  uNTT/rBfuB[0][13]_i_7/O
                         net (fo=48, routed)          1.190     8.655    uNTT/p_30_out[3]
    SLICE_X25Y71         LUT6 (Prop_lut6_I1_O)        0.124     8.779 r  uNTT/rA[24][13]_i_15/O
                         net (fo=14, routed)          0.942     9.721    uNTT/rA[24][13]_i_15_n_0
    SLICE_X31Y74         LUT6 (Prop_lut6_I4_O)        0.124     9.845 r  uNTT/rA[24][10]_i_16/O
                         net (fo=1, routed)           0.263    10.108    uNTT/rA[24][10]_i_16_n_0
    SLICE_X31Y74         LUT6 (Prop_lut6_I5_O)        0.124    10.232 f  uNTT/rA[24][10]_i_14/O
                         net (fo=1, routed)           0.688    10.920    uNTT/rA[24][10]_i_14_n_0
    SLICE_X37Y74         LUT6 (Prop_lut6_I0_O)        0.124    11.044 f  uNTT/rA[24][10]_i_11/O
                         net (fo=2, routed)           0.471    11.515    uNTT/rA[24][10]_i_11_n_0
    SLICE_X37Y75         LUT6 (Prop_lut6_I2_O)        0.124    11.639 f  uNTT/rA[24][10]_i_15/O
                         net (fo=1, routed)           0.403    12.043    uNTT/rA[24][10]_i_15_n_0
    SLICE_X37Y75         LUT5 (Prop_lut5_I2_O)        0.124    12.167 f  uNTT/rA[24][10]_i_12/O
                         net (fo=1, routed)           0.453    12.619    uNTT/rA[24][10]_i_12_n_0
    SLICE_X38Y75         LUT6 (Prop_lut6_I2_O)        0.124    12.743 f  uNTT/rA[24][10]_i_7/O
                         net (fo=1, routed)           0.452    13.195    uNTT/rA[24][10]_i_7_n_0
    SLICE_X38Y75         LUT6 (Prop_lut6_I2_O)        0.124    13.319 r  uNTT/rA[24][10]_i_4/O
                         net (fo=2, routed)           0.522    13.841    uNTT/rA[24][10]_i_4_n_0
    SLICE_X42Y75         LUT6 (Prop_lut6_I2_O)        0.124    13.965 r  uNTT/rA[24][10]_i_3/O
                         net (fo=1, routed)           0.496    14.461    uNTT/rA[24][10]_i_3_n_0
    SLICE_X42Y75         LUT2 (Prop_lut2_I1_O)        0.124    14.585 r  uNTT/rA[24][10]_i_1/O
                         net (fo=1, routed)           0.000    14.585    uNTT/rA[24][10]_i_1_n_0
    SLICE_X42Y75         FDRE                                         r  uNTT/rA_reg[24][10]/D
  -------------------------------------------------------------------    -------------------

                         (clock clk rise edge)       10.000    10.000 r  
    U14                                               0.000    10.000 r  clk (IN)
                         net (fo=0)                   0.000    10.000    clk
    U14                  IBUF (Prop_ibuf_I_O)         0.912    10.912 r  clk_IBUF_inst/O
                         net (fo=1, routed)           1.880    12.792    clk_IBUF
    BUFGCTRL_X0Y0        BUFG (Prop_bufg_I_O)         0.091    12.883 r  clk_IBUF_BUFG_inst/O
                         net (fo=2589, routed)        1.549    14.431    uNTT/clk
    SLICE_X42Y75         FDRE                                         r  uNTT/rA_reg[24][10]/C
                         clock pessimism              0.354    14.786    
                         clock uncertainty           -0.035    14.750    
    SLICE_X42Y75         FDRE (Setup_fdre_C_D)        0.077    14.827    uNTT/rA_reg[24][10]
  -------------------------------------------------------------------
                         required time                         14.827    
                         arrival time                         -14.585    
  -------------------------------------------------------------------
                         slack                                  0.242    

Slack (MET) :             0.265ns  (required time - arrival time)
  Source:                 uNTT/offset_reg[1][1]/C
                            (rising edge-triggered cell FDRE clocked by clk  {rise@0.000ns fall@5.000ns period=10.000ns})
  Destination:            uNTT/rA_reg[17][3]/D
                            (rising edge-triggered cell FDRE clocked by clk  {rise@0.000ns fall@5.000ns period=10.000ns})
  Path Group:             clk
  Path Type:              Setup (Max at Slow Process Corner)
  Requirement:            10.000ns  (clk rise@10.000ns - clk rise@0.000ns)
  Data Path Delay:        9.782ns  (logic 1.944ns (19.872%)  route 7.838ns (80.128%))
  Logic Levels:           12  (LUT2=1 LUT3=1 LUT4=1 LUT5=3 LUT6=6)
  Clock Path Skew:        0.006ns (DCD - SCD + CPR)
    Destination Clock Delay (DCD):    4.424ns = ( 14.424 - 10.000 ) 
    Source Clock Delay      (SCD):    4.873ns
    Clock Pessimism Removal (CPR):    0.455ns
  Clock Uncertainty:      0.035ns  ((TSJ^2 + TIJ^2)^1/2 + DJ) / 2 + PE
    Total System Jitter     (TSJ):    0.071ns
    Total Input Jitter      (TIJ):    0.000ns
    Discrete Jitter          (DJ):    0.000ns
    Phase Error              (PE):    0.000ns

    Location             Delay type                Incr(ns)  Path(ns)    Netlist Resource(s)
  -------------------------------------------------------------------    -------------------
                         (clock clk rise edge)        0.000     0.000 r  
    U14                                               0.000     0.000 r  clk (IN)
                         net (fo=0)                   0.000     0.000    clk
    U14                  IBUF (Prop_ibuf_I_O)         1.046     1.046 r  clk_IBUF_inst/O
                         net (fo=1, routed)           2.076     3.122    clk_IBUF
    BUFGCTRL_X0Y0        BUFG (Prop_bufg_I_O)         0.101     3.223 r  clk_IBUF_BUFG_inst/O
                         net (fo=2589, routed)        1.650     4.873    uNTT/clk
    SLICE_X21Y69         FDRE                                         r  uNTT/offset_reg[1][1]/C
  -------------------------------------------------------------------    -------------------
    SLICE_X21Y69         FDRE (Prop_fdre_C_Q)         0.456     5.329 r  uNTT/offset_reg[1][1]/Q
                         net (fo=51, routed)          0.674     6.003    uNTT/offset_reg[1][1]
    SLICE_X17Y69         LUT3 (Prop_lut3_I1_O)        0.124     6.127 f  uNTT/rBfuB[1][13]_i_17/O
                         net (fo=2, routed)           0.781     6.908    uNTT/p_29_out[2]
    SLICE_X18Y70         LUT6 (Prop_lut6_I5_O)        0.124     7.032 r  uNTT/rBfuB[1][13]_i_5/O
                         net (fo=9, routed)           0.517     7.548    uNTT/rBfuB[1][13]_i_5_n_0
    SLICE_X20Y69         LUT4 (Prop_lut4_I1_O)        0.124     7.672 f  uNTT/rBfuB[1][13]_i_2/O
                         net (fo=62, routed)          1.096     8.769    uNTT/rBfuB[1][13]_i_2_n_0
    SLICE_X17Y72         LUT5 (Prop_lut5_I2_O)        0.124     8.893 f  uNTT/rA[17][13]_i_20/O
                         net (fo=15, routed)          0.978     9.871    uNTT/rA[17][13]_i_20_n_0
    SLICE_X17Y82         LUT2 (Prop_lut2_I0_O)        0.124     9.995 f  uNTT/rA[17][13]_i_18/O
                         net (fo=3, routed)           0.342    10.336    uNTT/rA[17][13]_i_18_n_0
    SLICE_X16Y84         LUT5 (Prop_lut5_I3_O)        0.124    10.460 f  uNTT/rA[17][13]_i_11/O
                         net (fo=10, routed)          1.073    11.533    uNTT/rA[17][13]_i_11_n_0
    SLICE_X7Y93          LUT6 (Prop_lut6_I5_O)        0.124    11.657 r  uNTT/rA[17][3]_i_18/O
                         net (fo=1, routed)           0.354    12.011    uNTT/rA[17][3]_i_18_n_0
    SLICE_X6Y93          LUT6 (Prop_lut6_I5_O)        0.124    12.135 f  uNTT/rA[17][3]_i_13/O
                         net (fo=2, routed)           0.807    12.942    uNTT/rA[17][3]_i_13_n_0
    SLICE_X4Y96          LUT6 (Prop_lut6_I2_O)        0.124    13.066 r  uNTT/rA[17][3]_i_15/O
                         net (fo=2, routed)           0.440    13.506    uNTT/rA[17][3]_i_15_n_0
    SLICE_X4Y97          LUT6 (Prop_lut6_I1_O)        0.124    13.630 f  uNTT/rA[17][3]_i_12/O
                         net (fo=1, routed)           0.171    13.801    uNTT/rA[17][3]_i_12_n_0
    SLICE_X4Y97          LUT5 (Prop_lut5_I2_O)        0.124    13.925 f  uNTT/rA[17][3]_i_5/O
                         net (fo=1, routed)           0.606    14.531    uNTT/rA[17][3]_i_5_n_0
    SLICE_X4Y97          LUT6 (Prop_lut6_I4_O)        0.124    14.655 r  uNTT/rA[17][3]_i_1/O
                         net (fo=1, routed)           0.000    14.655    uNTT/rA[17][3]_i_1_n_0
    SLICE_X4Y97          FDRE                                         r  uNTT/rA_reg[17][3]/D
  -------------------------------------------------------------------    -------------------

                         (clock clk rise edge)       10.000    10.000 r  
    U14                                               0.000    10.000 r  clk (IN)
                         net (fo=0)                   0.000    10.000    clk
    U14                  IBUF (Prop_ibuf_I_O)         0.912    10.912 r  clk_IBUF_inst/O
                         net (fo=1, routed)           1.880    12.792    clk_IBUF
    BUFGCTRL_X0Y0        BUFG (Prop_bufg_I_O)         0.091    12.883 r  clk_IBUF_BUFG_inst/O
                         net (fo=2589, routed)        1.542    14.424    uNTT/clk
    SLICE_X4Y97          FDRE                                         r  uNTT/rA_reg[17][3]/C
                         clock pessimism              0.455    14.879    
                         clock uncertainty           -0.035    14.844    
    SLICE_X4Y97          FDRE (Setup_fdre_C_D)        0.077    14.921    uNTT/rA_reg[17][3]
  -------------------------------------------------------------------
                         required time                         14.921    
                         arrival time                         -14.655    
  -------------------------------------------------------------------
                         slack                                  0.265    





Min Delay Paths
--------------------------------------------------------------------------------------
Slack (MET) :             0.042ns  (arrival time - required time)
  Source:                 rStartAddrW_reg[2]/C
                            (rising edge-triggered cell FDRE clocked by clk  {rise@0.000ns fall@5.000ns period=10.000ns})
  Destination:            uNTT/rStartAddrW_reg[3]/D
                            (rising edge-triggered cell FDRE clocked by clk  {rise@0.000ns fall@5.000ns period=10.000ns})
  Path Group:             clk
  Path Type:              Hold (Min at Fast Process Corner)
  Requirement:            0.000ns  (clk rise@0.000ns - clk rise@0.000ns)
  Data Path Delay:        0.439ns  (logic 0.270ns (61.542%)  route 0.169ns (38.458%))
  Logic Levels:           1  (CARRY4=1)
  Clock Path Skew:        0.262ns (DCD - SCD - CPR)
    Destination Clock Delay (DCD):    1.994ns
    Source Clock Delay      (SCD):    1.478ns
    Clock Pessimism Removal (CPR):    0.254ns

    Location             Delay type                Incr(ns)  Path(ns)    Netlist Resource(s)
  -------------------------------------------------------------------    -------------------
                         (clock clk rise edge)        0.000     0.000 r  
    U14                                               0.000     0.000 r  clk (IN)
                         net (fo=0)                   0.000     0.000    clk
    U14                  IBUF (Prop_ibuf_I_O)         0.274     0.274 r  clk_IBUF_inst/O
                         net (fo=1, routed)           0.627     0.901    clk_IBUF
    BUFGCTRL_X0Y0        BUFG (Prop_bufg_I_O)         0.026     0.927 r  clk_IBUF_BUFG_inst/O
                         net (fo=2589, routed)        0.551     1.478    clk_IBUF_BUFG
    SLICE_X22Y29         FDRE                                         r  rStartAddrW_reg[2]/C
  -------------------------------------------------------------------    -------------------
    SLICE_X22Y29         FDRE (Prop_fdre_C_Q)         0.141     1.619 r  rStartAddrW_reg[2]/Q
                         net (fo=3, routed)           0.169     1.787    uNTT/startAddrW[2]
    SLICE_X20Y28         CARRY4 (Prop_carry4_DI[2]_O[3])
                                                      0.129     1.916 r  uNTT/rStartAddrW_reg[3]_i_1/O[3]
                         net (fo=1, routed)           0.000     1.916    uNTT/rStartAddrW0[3]
    SLICE_X20Y28         FDRE                                         r  uNTT/rStartAddrW_reg[3]/D
  -------------------------------------------------------------------    -------------------

                         (clock clk rise edge)        0.000     0.000 r  
    U14                                               0.000     0.000 r  clk (IN)
                         net (fo=0)                   0.000     0.000    clk
    U14                  IBUF (Prop_ibuf_I_O)         0.464     0.464 r  clk_IBUF_inst/O
                         net (fo=1, routed)           0.683     1.147    clk_IBUF
    BUFGCTRL_X0Y0        BUFG (Prop_bufg_I_O)         0.029     1.176 r  clk_IBUF_BUFG_inst/O
                         net (fo=2589, routed)        0.818     1.994    uNTT/clk
    SLICE_X20Y28         FDRE                                         r  uNTT/rStartAddrW_reg[3]/C
                         clock pessimism             -0.254     1.740    
    SLICE_X20Y28         FDRE (Hold_fdre_C_D)         0.134     1.874    uNTT/rStartAddrW_reg[3]
  -------------------------------------------------------------------
                         required time                         -1.874    
                         arrival time                           1.916    
  -------------------------------------------------------------------
                         slack                                  0.042    

Slack (MET) :             0.052ns  (arrival time - required time)
  Source:                 rStartAddrW_reg[0]/C
                            (rising edge-triggered cell FDRE clocked by clk  {rise@0.000ns fall@5.000ns period=10.000ns})
  Destination:            uNTT/rStartAddrW_reg[1]/D
                            (rising edge-triggered cell FDRE clocked by clk  {rise@0.000ns fall@5.000ns period=10.000ns})
  Path Group:             clk
  Path Type:              Hold (Min at Fast Process Corner)
  Requirement:            0.000ns  (clk rise@0.000ns - clk rise@0.000ns)
  Data Path Delay:        0.449ns  (logic 0.270ns (60.179%)  route 0.179ns (39.821%))
  Logic Levels:           1  (CARRY4=1)
  Clock Path Skew:        0.262ns (DCD - SCD - CPR)
    Destination Clock Delay (DCD):    1.994ns
    Source Clock Delay      (SCD):    1.478ns
    Clock Pessimism Removal (CPR):    0.254ns

    Location             Delay type                Incr(ns)  Path(ns)    Netlist Resource(s)
  -------------------------------------------------------------------    -------------------
                         (clock clk rise edge)        0.000     0.000 r  
    U14                                               0.000     0.000 r  clk (IN)
                         net (fo=0)                   0.000     0.000    clk
    U14                  IBUF (Prop_ibuf_I_O)         0.274     0.274 r  clk_IBUF_inst/O
                         net (fo=1, routed)           0.627     0.901    clk_IBUF
    BUFGCTRL_X0Y0        BUFG (Prop_bufg_I_O)         0.026     0.927 r  clk_IBUF_BUFG_inst/O
                         net (fo=2589, routed)        0.551     1.478    clk_IBUF_BUFG
    SLICE_X22Y29         FDRE                                         r  rStartAddrW_reg[0]/C
  -------------------------------------------------------------------    -------------------
    SLICE_X22Y29         FDRE (Prop_fdre_C_Q)         0.141     1.619 r  rStartAddrW_reg[0]/Q
                         net (fo=3, routed)           0.179     1.797    uNTT/startAddrW[0]
    SLICE_X20Y28         CARRY4 (Prop_carry4_DI[0]_O[1])
                                                      0.129     1.926 r  uNTT/rStartAddrW_reg[3]_i_1/O[1]
                         net (fo=1, routed)           0.000     1.926    uNTT/rStartAddrW0[1]
    SLICE_X20Y28         FDRE                                         r  uNTT/rStartAddrW_reg[1]/D
  -------------------------------------------------------------------    -------------------

                         (clock clk rise edge)        0.000     0.000 r  
    U14                                               0.000     0.000 r  clk (IN)
                         net (fo=0)                   0.000     0.000    clk
    U14                  IBUF (Prop_ibuf_I_O)         0.464     0.464 r  clk_IBUF_inst/O
                         net (fo=1, routed)           0.683     1.147    clk_IBUF
    BUFGCTRL_X0Y0        BUFG (Prop_bufg_I_O)         0.029     1.176 r  clk_IBUF_BUFG_inst/O
                         net (fo=2589, routed)        0.818     1.994    uNTT/clk
    SLICE_X20Y28         FDRE                                         r  uNTT/rStartAddrW_reg[1]/C
                         clock pessimism             -0.254     1.740    
    SLICE_X20Y28         FDRE (Hold_fdre_C_D)         0.134     1.874    uNTT/rStartAddrW_reg[1]
  -------------------------------------------------------------------
                         required time                         -1.874    
                         arrival time                           1.926    
  -------------------------------------------------------------------
                         slack                                  0.052    

Slack (MET) :             0.084ns  (arrival time - required time)
  Source:                 rDataQ_inv_reg[5]/C
                            (rising edge-triggered cell FDRE clocked by clk  {rise@0.000ns fall@5.000ns period=10.000ns})
  Destination:            uNTT/rDataQ_inv_reg[5]/D
                            (rising edge-triggered cell FDRE clocked by clk  {rise@0.000ns fall@5.000ns period=10.000ns})
  Path Group:             clk
  Path Type:              Hold (Min at Fast Process Corner)
  Requirement:            0.000ns  (clk rise@0.000ns - clk rise@0.000ns)
  Data Path Delay:        0.419ns  (logic 0.141ns (33.631%)  route 0.278ns (66.369%))
  Logic Levels:           0  
  Clock Path Skew:        0.265ns (DCD - SCD - CPR)
    Destination Clock Delay (DCD):    1.994ns
    Source Clock Delay      (SCD):    1.475ns
    Clock Pessimism Removal (CPR):    0.254ns

    Location             Delay type                Incr(ns)  Path(ns)    Netlist Resource(s)
  -------------------------------------------------------------------    -------------------
                         (clock clk rise edge)        0.000     0.000 r  
    U14                                               0.000     0.000 r  clk (IN)
                         net (fo=0)                   0.000     0.000    clk
    U14                  IBUF (Prop_ibuf_I_O)         0.274     0.274 r  clk_IBUF_inst/O
                         net (fo=1, routed)           0.627     0.901    clk_IBUF
    BUFGCTRL_X0Y0        BUFG (Prop_bufg_I_O)         0.026     0.927 r  clk_IBUF_BUFG_inst/O
                         net (fo=2589, routed)        0.548     1.475    clk_IBUF_BUFG
    SLICE_X22Y26         FDRE                                         r  rDataQ_inv_reg[5]/C
  -------------------------------------------------------------------    -------------------
    SLICE_X22Y26         FDRE (Prop_fdre_C_Q)         0.141     1.616 r  rDataQ_inv_reg[5]/Q
                         net (fo=2, routed)           0.278     1.894    uNTT/dataQ_inv[5]
    SLICE_X21Y28         FDRE                                         r  uNTT/rDataQ_inv_reg[5]/D
  -------------------------------------------------------------------    -------------------

                         (clock clk rise edge)        0.000     0.000 r  
    U14                                               0.000     0.000 r  clk (IN)
                         net (fo=0)                   0.000     0.000    clk
    U14                  IBUF (Prop_ibuf_I_O)         0.464     0.464 r  clk_IBUF_inst/O
                         net (fo=1, routed)           0.683     1.147    clk_IBUF
    BUFGCTRL_X0Y0        BUFG (Prop_bufg_I_O)         0.029     1.176 r  clk_IBUF_BUFG_inst/O
                         net (fo=2589, routed)        0.818     1.994    uNTT/clk
    SLICE_X21Y28         FDRE                                         r  uNTT/rDataQ_inv_reg[5]/C
                         clock pessimism             -0.254     1.740    
    SLICE_X21Y28         FDRE (Hold_fdre_C_D)         0.070     1.810    uNTT/rDataQ_inv_reg[5]
  -------------------------------------------------------------------
                         required time                         -1.810    
                         arrival time                           1.894    
  -------------------------------------------------------------------
                         slack                                  0.084    

Slack (MET) :             0.084ns  (arrival time - required time)
  Source:                 rStartAddrW_reg[2]/C
                            (rising edge-triggered cell FDRE clocked by clk  {rise@0.000ns fall@5.000ns period=10.000ns})
  Destination:            uNTT/rStartAddrW_reg[4]/D
                            (rising edge-triggered cell FDRE clocked by clk  {rise@0.000ns fall@5.000ns period=10.000ns})
  Path Group:             clk
  Path Type:              Hold (Min at Fast Process Corner)
  Requirement:            0.000ns  (clk rise@0.000ns - clk rise@0.000ns)
  Data Path Delay:        0.482ns  (logic 0.313ns (64.975%)  route 0.169ns (35.025%))
  Logic Levels:           2  (CARRY4=2)
  Clock Path Skew:        0.263ns (DCD - SCD - CPR)
    Destination Clock Delay (DCD):    1.995ns
    Source Clock Delay      (SCD):    1.478ns
    Clock Pessimism Removal (CPR):    0.254ns

    Location             Delay type                Incr(ns)  Path(ns)    Netlist Resource(s)
  -------------------------------------------------------------------    -------------------
                         (clock clk rise edge)        0.000     0.000 r  
    U14                                               0.000     0.000 r  clk (IN)
                         net (fo=0)                   0.000     0.000    clk
    U14                  IBUF (Prop_ibuf_I_O)         0.274     0.274 r  clk_IBUF_inst/O
                         net (fo=1, routed)           0.627     0.901    clk_IBUF
    BUFGCTRL_X0Y0        BUFG (Prop_bufg_I_O)         0.026     0.927 r  clk_IBUF_BUFG_inst/O
                         net (fo=2589, routed)        0.551     1.478    clk_IBUF_BUFG
    SLICE_X22Y29         FDRE                                         r  rStartAddrW_reg[2]/C
  -------------------------------------------------------------------    -------------------
    SLICE_X22Y29         FDRE (Prop_fdre_C_Q)         0.141     1.619 r  rStartAddrW_reg[2]/Q
                         net (fo=3, routed)           0.169     1.787    uNTT/startAddrW[2]
    SLICE_X20Y28         CARRY4 (Prop_carry4_DI[2]_CO[3])
                                                      0.119     1.906 r  uNTT/rStartAddrW_reg[3]_i_1/CO[3]
                         net (fo=1, routed)           0.000     1.906    uNTT/rStartAddrW_reg[3]_i_1_n_0
    SLICE_X20Y29         CARRY4 (Prop_carry4_CI_O[0])
                                                      0.053     1.959 r  uNTT/rStartAddrW_reg[7]_i_1/O[0]
                         net (fo=1, routed)           0.000     1.959    uNTT/rStartAddrW0[4]
    SLICE_X20Y29         FDRE                                         r  uNTT/rStartAddrW_reg[4]/D
  -------------------------------------------------------------------    -------------------

                         (clock clk rise edge)        0.000     0.000 r  
    U14                                               0.000     0.000 r  clk (IN)
                         net (fo=0)                   0.000     0.000    clk
    U14                  IBUF (Prop_ibuf_I_O)         0.464     0.464 r  clk_IBUF_inst/O
                         net (fo=1, routed)           0.683     1.147    clk_IBUF
    BUFGCTRL_X0Y0        BUFG (Prop_bufg_I_O)         0.029     1.176 r  clk_IBUF_BUFG_inst/O
                         net (fo=2589, routed)        0.819     1.995    uNTT/clk
    SLICE_X20Y29         FDRE                                         r  uNTT/rStartAddrW_reg[4]/C
                         clock pessimism             -0.254     1.741    
    SLICE_X20Y29         FDRE (Hold_fdre_C_D)         0.134     1.875    uNTT/rStartAddrW_reg[4]
  -------------------------------------------------------------------
                         required time                         -1.875    
                         arrival time                           1.959    
  -------------------------------------------------------------------
                         slack                                  0.084    

Slack (MET) :             0.087ns  (arrival time - required time)
  Source:                 rStartAddrW_reg[0]/C
                            (rising edge-triggered cell FDRE clocked by clk  {rise@0.000ns fall@5.000ns period=10.000ns})
  Destination:            uNTT/rStartAddrW_reg[2]/D
                            (rising edge-triggered cell FDRE clocked by clk  {rise@0.000ns fall@5.000ns period=10.000ns})
  Path Group:             clk
  Path Type:              Hold (Min at Fast Process Corner)
  Requirement:            0.000ns  (clk rise@0.000ns - clk rise@0.000ns)
  Data Path Delay:        0.484ns  (logic 0.305ns (63.060%)  route 0.179ns (36.940%))
  Logic Levels:           1  (CARRY4=1)
  Clock Path Skew:        0.262ns (DCD - SCD - CPR)
    Destination Clock Delay (DCD):    1.994ns
    Source Clock Delay      (SCD):    1.478ns
    Clock Pessimism Removal (CPR):    0.254ns

    Location             Delay type                Incr(ns)  Path(ns)    Netlist Resource(s)
  -------------------------------------------------------------------    -------------------
                         (clock clk rise edge)        0.000     0.000 r  
    U14                                               0.000     0.000 r  clk (IN)
                         net (fo=0)                   0.000     0.000    clk
    U14                  IBUF (Prop_ibuf_I_O)         0.274     0.274 r  clk_IBUF_inst/O
                         net (fo=1, routed)           0.627     0.901    clk_IBUF
    BUFGCTRL_X0Y0        BUFG (Prop_bufg_I_O)         0.026     0.927 r  clk_IBUF_BUFG_inst/O
                         net (fo=2589, routed)        0.551     1.478    clk_IBUF_BUFG
    SLICE_X22Y29         FDRE                                         r  rStartAddrW_reg[0]/C
  -------------------------------------------------------------------    -------------------
    SLICE_X22Y29         FDRE (Prop_fdre_C_Q)         0.141     1.619 r  rStartAddrW_reg[0]/Q
                         net (fo=3, routed)           0.179     1.797    uNTT/startAddrW[0]
    SLICE_X20Y28         CARRY4 (Prop_carry4_DI[0]_O[2])
                                                      0.164     1.961 r  uNTT/rStartAddrW_reg[3]_i_1/O[2]
                         net (fo=1, routed)           0.000     1.961    uNTT/rStartAddrW0[2]
    SLICE_X20Y28         FDRE                                         r  uNTT/rStartAddrW_reg[2]/D
  -------------------------------------------------------------------    -------------------

                         (clock clk rise edge)        0.000     0.000 r  
    U14                                               0.000     0.000 r  clk (IN)
                         net (fo=0)                   0.000     0.000    clk
    U14                  IBUF (Prop_ibuf_I_O)         0.464     0.464 r  clk_IBUF_inst/O
                         net (fo=1, routed)           0.683     1.147    clk_IBUF
    BUFGCTRL_X0Y0        BUFG (Prop_bufg_I_O)         0.029     1.176 r  clk_IBUF_BUFG_inst/O
                         net (fo=2589, routed)        0.818     1.994    uNTT/clk
    SLICE_X20Y28         FDRE                                         r  uNTT/rStartAddrW_reg[2]/C
                         clock pessimism             -0.254     1.740    
    SLICE_X20Y28         FDRE (Hold_fdre_C_D)         0.134     1.874    uNTT/rStartAddrW_reg[2]
  -------------------------------------------------------------------
                         required time                         -1.874    
                         arrival time                           1.961    
  -------------------------------------------------------------------
                         slack                                  0.087    

Slack (MET) :             0.096ns  (arrival time - required time)
  Source:                 uNTT/rDataQ_inv_reg[1]/C
                            (rising edge-triggered cell FDRE clocked by clk  {rise@0.000ns fall@5.000ns period=10.000ns})
  Destination:            uNTT/genblk2[5].u_bf_unit/rQ_invr_reg[1]/D
                            (rising edge-triggered cell FDRE clocked by clk  {rise@0.000ns fall@5.000ns period=10.000ns})
  Path Group:             clk
  Path Type:              Hold (Min at Fast Process Corner)
  Requirement:            0.000ns  (clk rise@0.000ns - clk rise@0.000ns)
  Data Path Delay:        0.432ns  (logic 0.141ns (32.626%)  route 0.291ns (67.374%))
  Logic Levels:           0  
  Clock Path Skew:        0.265ns (DCD - SCD - CPR)
    Destination Clock Delay (DCD):    1.996ns
    Source Clock Delay      (SCD):    1.477ns
    Clock Pessimism Removal (CPR):    0.254ns

    Location             Delay type                Incr(ns)  Path(ns)    Netlist Resource(s)
  -------------------------------------------------------------------    -------------------
                         (clock clk rise edge)        0.000     0.000 r  
    U14                                               0.000     0.000 r  clk (IN)
                         net (fo=0)                   0.000     0.000    clk
    U14                  IBUF (Prop_ibuf_I_O)         0.274     0.274 r  clk_IBUF_inst/O
                         net (fo=1, routed)           0.627     0.901    clk_IBUF
    BUFGCTRL_X0Y0        BUFG (Prop_bufg_I_O)         0.026     0.927 r  clk_IBUF_BUFG_inst/O
                         net (fo=2589, routed)        0.550     1.477    uNTT/clk
    SLICE_X25Y27         FDRE                                         r  uNTT/rDataQ_inv_reg[1]/C
  -------------------------------------------------------------------    -------------------
    SLICE_X25Y27         FDRE (Prop_fdre_C_Q)         0.141     1.618 r  uNTT/rDataQ_inv_reg[1]/Q
                         net (fo=8, routed)           0.291     1.909    uNTT/genblk2[5].u_bf_unit/q_invr[1]
    SLICE_X14Y29         FDRE                                         r  uNTT/genblk2[5].u_bf_unit/rQ_invr_reg[1]/D
  -------------------------------------------------------------------    -------------------

                         (clock clk rise edge)        0.000     0.000 r  
    U14                                               0.000     0.000 r  clk (IN)
                         net (fo=0)                   0.000     0.000    clk
    U14                  IBUF (Prop_ibuf_I_O)         0.464     0.464 r  clk_IBUF_inst/O
                         net (fo=1, routed)           0.683     1.147    clk_IBUF
    BUFGCTRL_X0Y0        BUFG (Prop_bufg_I_O)         0.029     1.176 r  clk_IBUF_BUFG_inst/O
                         net (fo=2589, routed)        0.820     1.996    uNTT/genblk2[5].u_bf_unit/clk
    SLICE_X14Y29         FDRE                                         r  uNTT/genblk2[5].u_bf_unit/rQ_invr_reg[1]/C
                         clock pessimism             -0.254     1.742    
    SLICE_X14Y29         FDRE (Hold_fdre_C_D)         0.071     1.813    uNTT/genblk2[5].u_bf_unit/rQ_invr_reg[1]
  -------------------------------------------------------------------
                         required time                         -1.813    
                         arrival time                           1.909    
  -------------------------------------------------------------------
                         slack                                  0.096    

Slack (MET) :             0.097ns  (arrival time - required time)
  Source:                 rStartAddrW_reg[2]/C
                            (rising edge-triggered cell FDRE clocked by clk  {rise@0.000ns fall@5.000ns period=10.000ns})
  Destination:            uNTT/rStartAddrW_reg[6]/D
                            (rising edge-triggered cell FDRE clocked by clk  {rise@0.000ns fall@5.000ns period=10.000ns})
  Path Group:             clk
  Path Type:              Hold (Min at Fast Process Corner)
  Requirement:            0.000ns  (clk rise@0.000ns - clk rise@0.000ns)
  Data Path Delay:        0.495ns  (logic 0.326ns (65.896%)  route 0.169ns (34.104%))
  Logic Levels:           2  (CARRY4=2)
  Clock Path Skew:        0.263ns (DCD - SCD - CPR)
    Destination Clock Delay (DCD):    1.995ns
    Source Clock Delay      (SCD):    1.478ns
    Clock Pessimism Removal (CPR):    0.254ns

    Location             Delay type                Incr(ns)  Path(ns)    Netlist Resource(s)
  -------------------------------------------------------------------    -------------------
                         (clock clk rise edge)        0.000     0.000 r  
    U14                                               0.000     0.000 r  clk (IN)
                         net (fo=0)                   0.000     0.000    clk
    U14                  IBUF (Prop_ibuf_I_O)         0.274     0.274 r  clk_IBUF_inst/O
                         net (fo=1, routed)           0.627     0.901    clk_IBUF
    BUFGCTRL_X0Y0        BUFG (Prop_bufg_I_O)         0.026     0.927 r  clk_IBUF_BUFG_inst/O
                         net (fo=2589, routed)        0.551     1.478    clk_IBUF_BUFG
    SLICE_X22Y29         FDRE                                         r  rStartAddrW_reg[2]/C
  -------------------------------------------------------------------    -------------------
    SLICE_X22Y29         FDRE (Prop_fdre_C_Q)         0.141     1.619 r  rStartAddrW_reg[2]/Q
                         net (fo=3, routed)           0.169     1.787    uNTT/startAddrW[2]
    SLICE_X20Y28         CARRY4 (Prop_carry4_DI[2]_CO[3])
                                                      0.119     1.906 r  uNTT/rStartAddrW_reg[3]_i_1/CO[3]
                         net (fo=1, routed)           0.000     1.906    uNTT/rStartAddrW_reg[3]_i_1_n_0
    SLICE_X20Y29         CARRY4 (Prop_carry4_CI_O[2])
                                                      0.066     1.972 r  uNTT/rStartAddrW_reg[7]_i_1/O[2]
                         net (fo=1, routed)           0.000     1.972    uNTT/rStartAddrW0[6]
    SLICE_X20Y29         FDRE                                         r  uNTT/rStartAddrW_reg[6]/D
  -------------------------------------------------------------------    -------------------

                         (clock clk rise edge)        0.000     0.000 r  
    U14                                               0.000     0.000 r  clk (IN)
                         net (fo=0)                   0.000     0.000    clk
    U14                  IBUF (Prop_ibuf_I_O)         0.464     0.464 r  clk_IBUF_inst/O
                         net (fo=1, routed)           0.683     1.147    clk_IBUF
    BUFGCTRL_X0Y0        BUFG (Prop_bufg_I_O)         0.029     1.176 r  clk_IBUF_BUFG_inst/O
                         net (fo=2589, routed)        0.819     1.995    uNTT/clk
    SLICE_X20Y29         FDRE                                         r  uNTT/rStartAddrW_reg[6]/C
                         clock pessimism             -0.254     1.741    
    SLICE_X20Y29         FDRE (Hold_fdre_C_D)         0.134     1.875    uNTT/rStartAddrW_reg[6]
  -------------------------------------------------------------------
                         required time                         -1.875    
                         arrival time                           1.972    
  -------------------------------------------------------------------
                         slack                                  0.097    

Slack (MET) :             0.101ns  (arrival time - required time)
  Source:                 uNTT/rDataQ_inv_reg[4]/C
                            (rising edge-triggered cell FDRE clocked by clk  {rise@0.000ns fall@5.000ns period=10.000ns})
  Destination:            uNTT/genblk2[0].u_bf_unit/rQ_invr_reg[4]/D
                            (rising edge-triggered cell FDRE clocked by clk  {rise@0.000ns fall@5.000ns period=10.000ns})
  Path Group:             clk
  Path Type:              Hold (Min at Fast Process Corner)
  Requirement:            0.000ns  (clk rise@0.000ns - clk rise@0.000ns)
  Data Path Delay:        0.457ns  (logic 0.141ns (30.841%)  route 0.316ns (69.159%))
  Logic Levels:           0  
  Clock Path Skew:        0.271ns (DCD - SCD - CPR)
    Destination Clock Delay (DCD):    2.002ns
    Source Clock Delay      (SCD):    1.477ns
    Clock Pessimism Removal (CPR):    0.254ns

    Location             Delay type                Incr(ns)  Path(ns)    Netlist Resource(s)
  -------------------------------------------------------------------    -------------------
                         (clock clk rise edge)        0.000     0.000 r  
    U14                                               0.000     0.000 r  clk (IN)
                         net (fo=0)                   0.000     0.000    clk
    U14                  IBUF (Prop_ibuf_I_O)         0.274     0.274 r  clk_IBUF_inst/O
                         net (fo=1, routed)           0.627     0.901    clk_IBUF
    BUFGCTRL_X0Y0        BUFG (Prop_bufg_I_O)         0.026     0.927 r  clk_IBUF_BUFG_inst/O
                         net (fo=2589, routed)        0.550     1.477    uNTT/clk
    SLICE_X25Y28         FDRE                                         r  uNTT/rDataQ_inv_reg[4]/C
  -------------------------------------------------------------------    -------------------
    SLICE_X25Y28         FDRE (Prop_fdre_C_Q)         0.141     1.618 r  uNTT/rDataQ_inv_reg[4]/Q
                         net (fo=8, routed)           0.316     1.934    uNTT/genblk2[0].u_bf_unit/q_invr[4]
    SLICE_X16Y35         FDRE                                         r  uNTT/genblk2[0].u_bf_unit/rQ_invr_reg[4]/D
  -------------------------------------------------------------------    -------------------

                         (clock clk rise edge)        0.000     0.000 r  
    U14                                               0.000     0.000 r  clk (IN)
                         net (fo=0)                   0.000     0.000    clk
    U14                  IBUF (Prop_ibuf_I_O)         0.464     0.464 r  clk_IBUF_inst/O
                         net (fo=1, routed)           0.683     1.147    clk_IBUF
    BUFGCTRL_X0Y0        BUFG (Prop_bufg_I_O)         0.029     1.176 r  clk_IBUF_BUFG_inst/O
                         net (fo=2589, routed)        0.826     2.002    uNTT/genblk2[0].u_bf_unit/clk
    SLICE_X16Y35         FDRE                                         r  uNTT/genblk2[0].u_bf_unit/rQ_invr_reg[4]/C
                         clock pessimism             -0.254     1.748    
    SLICE_X16Y35         FDRE (Hold_fdre_C_D)         0.085     1.833    uNTT/genblk2[0].u_bf_unit/rQ_invr_reg[4]
  -------------------------------------------------------------------
                         required time                         -1.833    
                         arrival time                           1.934    
  -------------------------------------------------------------------
                         slack                                  0.101    

Slack (MET) :             0.120ns  (arrival time - required time)
  Source:                 rStartAddrW_reg[2]/C
                            (rising edge-triggered cell FDRE clocked by clk  {rise@0.000ns fall@5.000ns period=10.000ns})
  Destination:            uNTT/rStartAddrW_reg[5]/D
                            (rising edge-triggered cell FDRE clocked by clk  {rise@0.000ns fall@5.000ns period=10.000ns})
  Path Group:             clk
  Path Type:              Hold (Min at Fast Process Corner)
  Requirement:            0.000ns  (clk rise@0.000ns - clk rise@0.000ns)
  Data Path Delay:        0.518ns  (logic 0.349ns (67.411%)  route 0.169ns (32.589%))
  Logic Levels:           2  (CARRY4=2)
  Clock Path Skew:        0.263ns (DCD - SCD - CPR)
    Destination Clock Delay (DCD):    1.995ns
    Source Clock Delay      (SCD):    1.478ns
    Clock Pessimism Removal (CPR):    0.254ns

    Location             Delay type                Incr(ns)  Path(ns)    Netlist Resource(s)
  -------------------------------------------------------------------    -------------------
                         (clock clk rise edge)        0.000     0.000 r  
    U14                                               0.000     0.000 r  clk (IN)
                         net (fo=0)                   0.000     0.000    clk
    U14                  IBUF (Prop_ibuf_I_O)         0.274     0.274 r  clk_IBUF_inst/O
                         net (fo=1, routed)           0.627     0.901    clk_IBUF
    BUFGCTRL_X0Y0        BUFG (Prop_bufg_I_O)         0.026     0.927 r  clk_IBUF_BUFG_inst/O
                         net (fo=2589, routed)        0.551     1.478    clk_IBUF_BUFG
    SLICE_X22Y29         FDRE                                         r  rStartAddrW_reg[2]/C
  -------------------------------------------------------------------    -------------------
    SLICE_X22Y29         FDRE (Prop_fdre_C_Q)         0.141     1.619 r  rStartAddrW_reg[2]/Q
                         net (fo=3, routed)           0.169     1.787    uNTT/startAddrW[2]
    SLICE_X20Y28         CARRY4 (Prop_carry4_DI[2]_CO[3])
                                                      0.119     1.906 r  uNTT/rStartAddrW_reg[3]_i_1/CO[3]
                         net (fo=1, routed)           0.000     1.906    uNTT/rStartAddrW_reg[3]_i_1_n_0
    SLICE_X20Y29         CARRY4 (Prop_carry4_CI_O[1])
                                                      0.089     1.995 r  uNTT/rStartAddrW_reg[7]_i_1/O[1]
                         net (fo=1, routed)           0.000     1.995    uNTT/rStartAddrW0[5]
    SLICE_X20Y29         FDRE                                         r  uNTT/rStartAddrW_reg[5]/D
  -------------------------------------------------------------------    -------------------

                         (clock clk rise edge)        0.000     0.000 r  
    U14                                               0.000     0.000 r  clk (IN)
                         net (fo=0)                   0.000     0.000    clk
    U14                  IBUF (Prop_ibuf_I_O)         0.464     0.464 r  clk_IBUF_inst/O
                         net (fo=1, routed)           0.683     1.147    clk_IBUF
    BUFGCTRL_X0Y0        BUFG (Prop_bufg_I_O)         0.029     1.176 r  clk_IBUF_BUFG_inst/O
                         net (fo=2589, routed)        0.819     1.995    uNTT/clk
    SLICE_X20Y29         FDRE                                         r  uNTT/rStartAddrW_reg[5]/C
                         clock pessimism             -0.254     1.741    
    SLICE_X20Y29         FDRE (Hold_fdre_C_D)         0.134     1.875    uNTT/rStartAddrW_reg[5]
  -------------------------------------------------------------------
                         required time                         -1.875    
                         arrival time                           1.995    
  -------------------------------------------------------------------
                         slack                                  0.120    

Slack (MET) :             0.122ns  (arrival time - required time)
  Source:                 uNTT/genblk2[2].u_bf_unit/mont_inv_inst/rStart_reg[0]/C
                            (rising edge-triggered cell FDRE clocked by clk  {rise@0.000ns fall@5.000ns period=10.000ns})
  Destination:            uNTT/genblk2[2].u_bf_unit/mont_inv_inst/rStart_reg[1]/D
                            (rising edge-triggered cell FDRE clocked by clk  {rise@0.000ns fall@5.000ns period=10.000ns})
  Path Group:             clk
  Path Type:              Hold (Min at Fast Process Corner)
  Requirement:            0.000ns  (clk rise@0.000ns - clk rise@0.000ns)
  Data Path Delay:        0.197ns  (logic 0.141ns (71.611%)  route 0.056ns (28.389%))
  Logic Levels:           0  
  Clock Path Skew:        0.000ns (DCD - SCD - CPR)
    Destination Clock Delay (DCD):    1.994ns
    Source Clock Delay      (SCD):    1.480ns
    Clock Pessimism Removal (CPR):    0.514ns

    Location             Delay type                Incr(ns)  Path(ns)    Netlist Resource(s)
  -------------------------------------------------------------------    -------------------
                         (clock clk rise edge)        0.000     0.000 r  
    U14                                               0.000     0.000 r  clk (IN)
                         net (fo=0)                   0.000     0.000    clk
    U14                  IBUF (Prop_ibuf_I_O)         0.274     0.274 r  clk_IBUF_inst/O
                         net (fo=1, routed)           0.627     0.901    clk_IBUF
    BUFGCTRL_X0Y0        BUFG (Prop_bufg_I_O)         0.026     0.927 r  clk_IBUF_BUFG_inst/O
                         net (fo=2589, routed)        0.553     1.480    uNTT/genblk2[2].u_bf_unit/mont_inv_inst/clk
    SLICE_X27Y22         FDRE                                         r  uNTT/genblk2[2].u_bf_unit/mont_inv_inst/rStart_reg[0]/C
  -------------------------------------------------------------------    -------------------
    SLICE_X27Y22         FDRE (Prop_fdre_C_Q)         0.141     1.621 r  uNTT/genblk2[2].u_bf_unit/mont_inv_inst/rStart_reg[0]/Q
                         net (fo=1, routed)           0.056     1.677    uNTT/genblk2[2].u_bf_unit/mont_inv_inst/rStart[0]
    SLICE_X27Y22         FDRE                                         r  uNTT/genblk2[2].u_bf_unit/mont_inv_inst/rStart_reg[1]/D
  -------------------------------------------------------------------    -------------------

                         (clock clk rise edge)        0.000     0.000 r  
    U14                                               0.000     0.000 r  clk (IN)
                         net (fo=0)                   0.000     0.000    clk
    U14                  IBUF (Prop_ibuf_I_O)         0.464     0.464 r  clk_IBUF_inst/O
                         net (fo=1, routed)           0.683     1.147    clk_IBUF
    BUFGCTRL_X0Y0        BUFG (Prop_bufg_I_O)         0.029     1.176 r  clk_IBUF_BUFG_inst/O
                         net (fo=2589, routed)        0.818     1.994    uNTT/genblk2[2].u_bf_unit/mont_inv_inst/clk
    SLICE_X27Y22         FDRE                                         r  uNTT/genblk2[2].u_bf_unit/mont_inv_inst/rStart_reg[1]/C
                         clock pessimism             -0.514     1.480    
    SLICE_X27Y22         FDRE (Hold_fdre_C_D)         0.075     1.555    uNTT/genblk2[2].u_bf_unit/mont_inv_inst/rStart_reg[1]
  -------------------------------------------------------------------
                         required time                         -1.555    
                         arrival time                           1.677    
  -------------------------------------------------------------------
                         slack                                  0.122    





Pulse Width Checks
--------------------------------------------------------------------------------------
Clock Name:         clk
Waveform(ns):       { 0.000 5.000 }
Period(ns):         10.000
Sources:            { clk }

Check Type        Corner  Lib Pin             Reference Pin  Required(ns)  Actual(ns)  Slack(ns)  Location      Pin
Min Period        n/a     DSP48E1/CLK         n/a            3.687         10.000      6.313      DSP48_X0Y13   uNTT/genblk2[0].u_bf_unit/rMulResult_reg/CLK
Min Period        n/a     DSP48E1/CLK         n/a            3.687         10.000      6.313      DSP48_X1Y36   uNTT/genblk2[1].u_bf_unit/rMulResult_reg/CLK
Min Period        n/a     DSP48E1/CLK         n/a            3.687         10.000      6.313      DSP48_X1Y8    uNTT/genblk2[2].u_bf_unit/rMulResult_reg/CLK
Min Period        n/a     DSP48E1/CLK         n/a            3.687         10.000      6.313      DSP48_X0Y8    uNTT/genblk2[3].u_bf_unit/rMulResult_reg/CLK
Min Period        n/a     DSP48E1/CLK         n/a            3.687         10.000      6.313      DSP48_X0Y39   uNTT/genblk2[4].u_bf_unit/rMulResult_reg/CLK
Min Period        n/a     DSP48E1/CLK         n/a            3.687         10.000      6.313      DSP48_X0Y12   uNTT/genblk2[5].u_bf_unit/rMulResult_reg/CLK
Min Period        n/a     DSP48E1/CLK         n/a            3.687         10.000      6.313      DSP48_X1Y12   uNTT/genblk2[6].u_bf_unit/rMulResult_reg/CLK
Min Period        n/a     DSP48E1/CLK         n/a            3.687         10.000      6.313      DSP48_X1Y15   uNTT/genblk2[7].u_bf_unit/rMulResult_reg/CLK
Min Period        n/a     RAMB18E1/CLKARDCLK  n/a            2.944         10.000      7.056      RAMB18_X1Y12  ramA/ram_reg/CLKARDCLK
Min Period        n/a     RAMB18E1/CLKBWRCLK  n/a            2.944         10.000      7.056      RAMB18_X1Y12  ramA/ram_reg/CLKBWRCLK
Low Pulse Width   Slow    RAMD32/CLK          n/a            1.250         5.000       3.750      SLICE_X30Y31  uNTT/rW_reg_r1_0_31_0_5/RAMA/CLK
Low Pulse Width   Fast    RAMD32/CLK          n/a            1.250         5.000       3.750      SLICE_X30Y31  uNTT/rW_reg_r1_0_31_0_5/RAMA/CLK
Low Pulse Width   Slow    RAMD32/CLK          n/a            1.250         5.000       3.750      SLICE_X30Y31  uNTT/rW_reg_r1_0_31_0_5/RAMA_D1/CLK
Low Pulse Width   Fast    RAMD32/CLK          n/a            1.250         5.000       3.750      SLICE_X30Y31  uNTT/rW_reg_r1_0_31_0_5/RAMA_D1/CLK
Low Pulse Width   Slow    RAMD32/CLK          n/a            1.250         5.000       3.750      SLICE_X30Y31  uNTT/rW_reg_r1_0_31_0_5/RAMB/CLK
Low Pulse Width   Fast    RAMD32/CLK          n/a            1.250         5.000       3.750      SLICE_X30Y31  uNTT/rW_reg_r1_0_31_0_5/RAMB/CLK
Low Pulse Width   Slow    RAMD32/CLK          n/a            1.250         5.000       3.750      SLICE_X30Y31  uNTT/rW_reg_r1_0_31_0_5/RAMB_D1/CLK
Low Pulse Width   Fast    RAMD32/CLK          n/a            1.250         5.000       3.750      SLICE_X30Y31  uNTT/rW_reg_r1_0_31_0_5/RAMB_D1/CLK
Low Pulse Width   Slow    RAMD32/CLK          n/a            1.250         5.000       3.750      SLICE_X30Y31  uNTT/rW_reg_r1_0_31_0_5/RAMC/CLK
Low Pulse Width   Fast    RAMD32/CLK          n/a            1.250         5.000       3.750      SLICE_X30Y31  uNTT/rW_reg_r1_0_31_0_5/RAMC/CLK
High Pulse Width  Slow    RAMD32/CLK          n/a            1.250         5.000       3.750      SLICE_X30Y31  uNTT/rW_reg_r1_0_31_0_5/RAMA/CLK
High Pulse Width  Fast    RAMD32/CLK          n/a            1.250         5.000       3.750      SLICE_X30Y31  uNTT/rW_reg_r1_0_31_0_5/RAMA/CLK
High Pulse Width  Slow    RAMD32/CLK          n/a            1.250         5.000       3.750      SLICE_X30Y31  uNTT/rW_reg_r1_0_31_0_5/RAMA_D1/CLK
High Pulse Width  Fast    RAMD32/CLK          n/a            1.250         5.000       3.750      SLICE_X30Y31  uNTT/rW_reg_r1_0_31_0_5/RAMA_D1/CLK
High Pulse Width  Slow    RAMD32/CLK          n/a            1.250         5.000       3.750      SLICE_X30Y31  uNTT/rW_reg_r1_0_31_0_5/RAMB/CLK
High Pulse Width  Fast    RAMD32/CLK          n/a            1.250         5.000       3.750      SLICE_X30Y31  uNTT/rW_reg_r1_0_31_0_5/RAMB/CLK
High Pulse Width  Slow    RAMD32/CLK          n/a            1.250         5.000       3.750      SLICE_X30Y31  uNTT/rW_reg_r1_0_31_0_5/RAMB_D1/CLK
High Pulse Width  Fast    RAMD32/CLK          n/a            1.250         5.000       3.750      SLICE_X30Y31  uNTT/rW_reg_r1_0_31_0_5/RAMB_D1/CLK
High Pulse Width  Slow    RAMD32/CLK          n/a            1.250         5.000       3.750      SLICE_X30Y31  uNTT/rW_reg_r1_0_31_0_5/RAMC/CLK
High Pulse Width  Fast    RAMD32/CLK          n/a            1.250         5.000       3.750      SLICE_X30Y31  uNTT/rW_reg_r1_0_31_0_5/RAMC/CLK



--------------------------------------------------------------------------------------
Path Group:  (none)
From Clock:  clk
  To Clock:  

Max Delay            16 Endpoints
Min Delay            16 Endpoints
--------------------------------------------------------------------------------------


Max Delay Paths
--------------------------------------------------------------------------------------
Slack:                    inf
  Source:                 rUserWrAddr_reg[2]/C
                            (rising edge-triggered cell FDRE clocked by clk  {rise@0.000ns fall@5.000ns period=10.000ns})
  Destination:            UserRdDataOut[6]
                            (output port)
  Path Group:             (none)
  Path Type:              Max at Slow Process Corner
  Data Path Delay:        10.075ns  (logic 3.682ns (36.545%)  route 6.393ns (63.455%))
  Logic Levels:           4  (LUT3=1 LUT4=1 LUT5=1 OBUF=1)
  Clock Uncertainty:      0.025ns  ((TSJ^2 + TIJ^2)^1/2 + DJ) / 2 + PE
    Total System Jitter     (TSJ):    0.050ns
    Total Input Jitter      (TIJ):    0.000ns
    Discrete Jitter          (DJ):    0.000ns
    Phase Error              (PE):    0.000ns

    Location             Delay type                Incr(ns)  Path(ns)    Netlist Resource(s)
  -------------------------------------------------------------------    -------------------
                         (clock clk rise edge)        0.000     0.000 r  
    U14                                               0.000     0.000 r  clk (IN)
                         net (fo=0)                   0.000     0.000    clk
    U14                  IBUF (Prop_ibuf_I_O)         1.046     1.046 r  clk_IBUF_inst/O
                         net (fo=1, routed)           2.076     3.122    clk_IBUF
    BUFGCTRL_X0Y0        BUFG (Prop_bufg_I_O)         0.101     3.223 r  clk_IBUF_BUFG_inst/O
                         net (fo=2589, routed)        1.741     4.964    clk_IBUF_BUFG
    SLICE_X41Y29         FDRE                                         r  rUserWrAddr_reg[2]/C
  -------------------------------------------------------------------    -------------------
    SLICE_X41Y29         FDRE (Prop_fdre_C_Q)         0.456     5.420 f  rUserWrAddr_reg[2]/Q
                         net (fo=1, routed)           0.656     6.076    rUserWrAddr[2]
    SLICE_X41Y29         LUT4 (Prop_lut4_I0_O)        0.124     6.200 f  UserRdDataOut_OBUF[15]_inst_i_4/O
                         net (fo=1, routed)           0.812     7.012    UserRdDataOut_OBUF[15]_inst_i_4_n_0
    SLICE_X42Y28         LUT5 (Prop_lut5_I4_O)        0.124     7.136 r  UserRdDataOut_OBUF[15]_inst_i_2/O
                         net (fo=16, routed)          2.125     9.262    UserRdDataOut_OBUF[15]_inst_i_2_n_0
    SLICE_X27Y28         LUT3 (Prop_lut3_I1_O)        0.149     9.411 r  UserRdDataOut_OBUF[6]_inst_i_1/O
                         net (fo=1, routed)           2.799    12.210    UserRdDataOut_OBUF[6]
    W18                  OBUF (Prop_obuf_I_O)         2.829    15.038 r  UserRdDataOut_OBUF[6]_inst/O
                         net (fo=0)                   0.000    15.038    UserRdDataOut[6]
    W18                                                               r  UserRdDataOut[6] (OUT)
  -------------------------------------------------------------------    -------------------

Slack:                    inf
  Source:                 rUserWrAddr_reg[2]/C
                            (rising edge-triggered cell FDRE clocked by clk  {rise@0.000ns fall@5.000ns period=10.000ns})
  Destination:            UserRdDataOut[5]
                            (output port)
  Path Group:             (none)
  Path Type:              Max at Slow Process Corner
  Data Path Delay:        10.013ns  (logic 3.447ns (34.428%)  route 6.565ns (65.572%))
  Logic Levels:           4  (LUT3=1 LUT4=1 LUT5=1 OBUF=1)
  Clock Uncertainty:      0.025ns  ((TSJ^2 + TIJ^2)^1/2 + DJ) / 2 + PE
    Total System Jitter     (TSJ):    0.050ns
    Total Input Jitter      (TIJ):    0.000ns
    Discrete Jitter          (DJ):    0.000ns
    Phase Error              (PE):    0.000ns

    Location             Delay type                Incr(ns)  Path(ns)    Netlist Resource(s)
  -------------------------------------------------------------------    -------------------
                         (clock clk rise edge)        0.000     0.000 r  
    U14                                               0.000     0.000 r  clk (IN)
                         net (fo=0)                   0.000     0.000    clk
    U14                  IBUF (Prop_ibuf_I_O)         1.046     1.046 r  clk_IBUF_inst/O
                         net (fo=1, routed)           2.076     3.122    clk_IBUF
    BUFGCTRL_X0Y0        BUFG (Prop_bufg_I_O)         0.101     3.223 r  clk_IBUF_BUFG_inst/O
                         net (fo=2589, routed)        1.741     4.964    clk_IBUF_BUFG
    SLICE_X41Y29         FDRE                                         r  rUserWrAddr_reg[2]/C
  -------------------------------------------------------------------    -------------------
    SLICE_X41Y29         FDRE (Prop_fdre_C_Q)         0.456     5.420 f  rUserWrAddr_reg[2]/Q
                         net (fo=1, routed)           0.656     6.076    rUserWrAddr[2]
    SLICE_X41Y29         LUT4 (Prop_lut4_I0_O)        0.124     6.200 f  UserRdDataOut_OBUF[15]_inst_i_4/O
                         net (fo=1, routed)           0.812     7.012    UserRdDataOut_OBUF[15]_inst_i_4_n_0
    SLICE_X42Y28         LUT5 (Prop_lut5_I4_O)        0.124     7.136 r  UserRdDataOut_OBUF[15]_inst_i_2/O
                         net (fo=16, routed)          2.125     9.262    UserRdDataOut_OBUF[15]_inst_i_2_n_0
    SLICE_X27Y28         LUT3 (Prop_lut3_I1_O)        0.124     9.386 r  UserRdDataOut_OBUF[5]_inst_i_1/O
                         net (fo=1, routed)           2.972    12.357    UserRdDataOut_OBUF[5]
    W19                  OBUF (Prop_obuf_I_O)         2.619    14.977 r  UserRdDataOut_OBUF[5]_inst/O
                         net (fo=0)                   0.000    14.977    UserRdDataOut[5]
    W19                                                               r  UserRdDataOut[5] (OUT)
  -------------------------------------------------------------------    -------------------

Slack:                    inf
  Source:                 rUserWrAddr_reg[2]/C
                            (rising edge-triggered cell FDRE clocked by clk  {rise@0.000ns fall@5.000ns period=10.000ns})
  Destination:            UserRdDataOut[0]
                            (output port)
  Path Group:             (none)
  Path Type:              Max at Slow Process Corner
  Data Path Delay:        9.889ns  (logic 3.677ns (37.178%)  route 6.213ns (62.822%))
  Logic Levels:           4  (LUT3=1 LUT4=1 LUT5=1 OBUF=1)
  Clock Uncertainty:      0.025ns  ((TSJ^2 + TIJ^2)^1/2 + DJ) / 2 + PE
    Total System Jitter     (TSJ):    0.050ns
    Total Input Jitter      (TIJ):    0.000ns
    Discrete Jitter          (DJ):    0.000ns
    Phase Error              (PE):    0.000ns

    Location             Delay type                Incr(ns)  Path(ns)    Netlist Resource(s)
  -------------------------------------------------------------------    -------------------
                         (clock clk rise edge)        0.000     0.000 r  
    U14                                               0.000     0.000 r  clk (IN)
                         net (fo=0)                   0.000     0.000    clk
    U14                  IBUF (Prop_ibuf_I_O)         1.046     1.046 r  clk_IBUF_inst/O
                         net (fo=1, routed)           2.076     3.122    clk_IBUF
    BUFGCTRL_X0Y0        BUFG (Prop_bufg_I_O)         0.101     3.223 r  clk_IBUF_BUFG_inst/O
                         net (fo=2589, routed)        1.741     4.964    clk_IBUF_BUFG
    SLICE_X41Y29         FDRE                                         r  rUserWrAddr_reg[2]/C
  -------------------------------------------------------------------    -------------------
    SLICE_X41Y29         FDRE (Prop_fdre_C_Q)         0.456     5.420 f  rUserWrAddr_reg[2]/Q
                         net (fo=1, routed)           0.656     6.076    rUserWrAddr[2]
    SLICE_X41Y29         LUT4 (Prop_lut4_I0_O)        0.124     6.200 f  UserRdDataOut_OBUF[15]_inst_i_4/O
                         net (fo=1, routed)           0.812     7.012    UserRdDataOut_OBUF[15]_inst_i_4_n_0
    SLICE_X42Y28         LUT5 (Prop_lut5_I4_O)        0.124     7.136 r  UserRdDataOut_OBUF[15]_inst_i_2/O
                         net (fo=16, routed)          1.591     8.728    UserRdDataOut_OBUF[15]_inst_i_2_n_0
    SLICE_X27Y27         LUT3 (Prop_lut3_I1_O)        0.152     8.880 r  UserRdDataOut_OBUF[0]_inst_i_1/O
                         net (fo=1, routed)           3.153    12.033    UserRdDataOut_OBUF[0]
    T19                  OBUF (Prop_obuf_I_O)         2.821    14.853 r  UserRdDataOut_OBUF[0]_inst/O
                         net (fo=0)                   0.000    14.853    UserRdDataOut[0]
    T19                                                               r  UserRdDataOut[0] (OUT)
  -------------------------------------------------------------------    -------------------

Slack:                    inf
  Source:                 rUserWrAddr_reg[2]/C
                            (rising edge-triggered cell FDRE clocked by clk  {rise@0.000ns fall@5.000ns period=10.000ns})
  Destination:            UserRdDataOut[2]
                            (output port)
  Path Group:             (none)
  Path Type:              Max at Slow Process Corner
  Data Path Delay:        9.880ns  (logic 3.659ns (37.029%)  route 6.222ns (62.971%))
  Logic Levels:           4  (LUT3=1 LUT4=1 LUT5=1 OBUF=1)
  Clock Uncertainty:      0.025ns  ((TSJ^2 + TIJ^2)^1/2 + DJ) / 2 + PE
    Total System Jitter     (TSJ):    0.050ns
    Total Input Jitter      (TIJ):    0.000ns
    Discrete Jitter          (DJ):    0.000ns
    Phase Error              (PE):    0.000ns

    Location             Delay type                Incr(ns)  Path(ns)    Netlist Resource(s)
  -------------------------------------------------------------------    -------------------
                         (clock clk rise edge)        0.000     0.000 r  
    U14                                               0.000     0.000 r  clk (IN)
                         net (fo=0)                   0.000     0.000    clk
    U14                  IBUF (Prop_ibuf_I_O)         1.046     1.046 r  clk_IBUF_inst/O
                         net (fo=1, routed)           2.076     3.122    clk_IBUF
    BUFGCTRL_X0Y0        BUFG (Prop_bufg_I_O)         0.101     3.223 r  clk_IBUF_BUFG_inst/O
                         net (fo=2589, routed)        1.741     4.964    clk_IBUF_BUFG
    SLICE_X41Y29         FDRE                                         r  rUserWrAddr_reg[2]/C
  -------------------------------------------------------------------    -------------------
    SLICE_X41Y29         FDRE (Prop_fdre_C_Q)         0.456     5.420 f  rUserWrAddr_reg[2]/Q
                         net (fo=1, routed)           0.656     6.076    rUserWrAddr[2]
    SLICE_X41Y29         LUT4 (Prop_lut4_I0_O)        0.124     6.200 f  UserRdDataOut_OBUF[15]_inst_i_4/O
                         net (fo=1, routed)           0.812     7.012    UserRdDataOut_OBUF[15]_inst_i_4_n_0
    SLICE_X42Y28         LUT5 (Prop_lut5_I4_O)        0.124     7.136 r  UserRdDataOut_OBUF[15]_inst_i_2/O
                         net (fo=16, routed)          1.765     8.901    UserRdDataOut_OBUF[15]_inst_i_2_n_0
    SLICE_X27Y28         LUT3 (Prop_lut3_I1_O)        0.153     9.054 r  UserRdDataOut_OBUF[2]_inst_i_1/O
                         net (fo=1, routed)           2.989    12.043    UserRdDataOut_OBUF[2]
    P15                  OBUF (Prop_obuf_I_O)         2.802    14.844 r  UserRdDataOut_OBUF[2]_inst/O
                         net (fo=0)                   0.000    14.844    UserRdDataOut[2]
    P15                                                               r  UserRdDataOut[2] (OUT)
  -------------------------------------------------------------------    -------------------

Slack:                    inf
  Source:                 rUserWrAddr_reg[2]/C
                            (rising edge-triggered cell FDRE clocked by clk  {rise@0.000ns fall@5.000ns period=10.000ns})
  Destination:            UserRdDataOut[1]
                            (output port)
  Path Group:             (none)
  Path Type:              Max at Slow Process Corner
  Data Path Delay:        9.803ns  (logic 3.429ns (34.983%)  route 6.373ns (65.017%))
  Logic Levels:           4  (LUT3=1 LUT4=1 LUT5=1 OBUF=1)
  Clock Uncertainty:      0.025ns  ((TSJ^2 + TIJ^2)^1/2 + DJ) / 2 + PE
    Total System Jitter     (TSJ):    0.050ns
    Total Input Jitter      (TIJ):    0.000ns
    Discrete Jitter          (DJ):    0.000ns
    Phase Error              (PE):    0.000ns

    Location             Delay type                Incr(ns)  Path(ns)    Netlist Resource(s)
  -------------------------------------------------------------------    -------------------
                         (clock clk rise edge)        0.000     0.000 r  
    U14                                               0.000     0.000 r  clk (IN)
                         net (fo=0)                   0.000     0.000    clk
    U14                  IBUF (Prop_ibuf_I_O)         1.046     1.046 r  clk_IBUF_inst/O
                         net (fo=1, routed)           2.076     3.122    clk_IBUF
    BUFGCTRL_X0Y0        BUFG (Prop_bufg_I_O)         0.101     3.223 r  clk_IBUF_BUFG_inst/O
                         net (fo=2589, routed)        1.741     4.964    clk_IBUF_BUFG
    SLICE_X41Y29         FDRE                                         r  rUserWrAddr_reg[2]/C
  -------------------------------------------------------------------    -------------------
    SLICE_X41Y29         FDRE (Prop_fdre_C_Q)         0.456     5.420 f  rUserWrAddr_reg[2]/Q
                         net (fo=1, routed)           0.656     6.076    rUserWrAddr[2]
    SLICE_X41Y29         LUT4 (Prop_lut4_I0_O)        0.124     6.200 f  UserRdDataOut_OBUF[15]_inst_i_4/O
                         net (fo=1, routed)           0.812     7.012    UserRdDataOut_OBUF[15]_inst_i_4_n_0
    SLICE_X42Y28         LUT5 (Prop_lut5_I4_O)        0.124     7.136 r  UserRdDataOut_OBUF[15]_inst_i_2/O
                         net (fo=16, routed)          1.765     8.901    UserRdDataOut_OBUF[15]_inst_i_2_n_0
    SLICE_X27Y28         LUT3 (Prop_lut3_I1_O)        0.124     9.025 r  UserRdDataOut_OBUF[1]_inst_i_1/O
                         net (fo=1, routed)           3.140    12.165    UserRdDataOut_OBUF[1]
    P16                  OBUF (Prop_obuf_I_O)         2.601    14.767 r  UserRdDataOut_OBUF[1]_inst/O
                         net (fo=0)                   0.000    14.767    UserRdDataOut[1]
    P16                                                               r  UserRdDataOut[1] (OUT)
  -------------------------------------------------------------------    -------------------

Slack:                    inf
  Source:                 ramA/ram_reg/CLKARDCLK
                            (rising edge-triggered cell RAMB18E1 clocked by clk  {rise@0.000ns fall@5.000ns period=10.000ns})
  Destination:            UserRdDataOut[4]
                            (output port)
  Path Group:             (none)
  Path Type:              Max at Slow Process Corner
  Data Path Delay:        9.636ns  (logic 5.454ns (56.604%)  route 4.182ns (43.396%))
  Logic Levels:           2  (LUT3=1 OBUF=1)
  Clock Uncertainty:      0.025ns  ((TSJ^2 + TIJ^2)^1/2 + DJ) / 2 + PE
    Total System Jitter     (TSJ):    0.050ns
    Total Input Jitter      (TIJ):    0.000ns
    Discrete Jitter          (DJ):    0.000ns
    Phase Error              (PE):    0.000ns

    Location             Delay type                Incr(ns)  Path(ns)    Netlist Resource(s)
  -------------------------------------------------------------------    -------------------
                         (clock clk rise edge)        0.000     0.000 r  
    U14                                               0.000     0.000 r  clk (IN)
                         net (fo=0)                   0.000     0.000    clk
    U14                  IBUF (Prop_ibuf_I_O)         1.046     1.046 r  clk_IBUF_inst/O
                         net (fo=1, routed)           2.076     3.122    clk_IBUF
    BUFGCTRL_X0Y0        BUFG (Prop_bufg_I_O)         0.101     3.223 r  clk_IBUF_BUFG_inst/O
                         net (fo=2589, routed)        1.707     4.930    ramA/clk
    RAMB18_X1Y12         RAMB18E1                                     r  ramA/ram_reg/CLKARDCLK
  -------------------------------------------------------------------    -------------------
    RAMB18_X1Y12         RAMB18E1 (Prop_ramb18e1_CLKARDCLK_DOADO[4])
                                                      2.454     7.384 r  ramA/ram_reg/DOADO[4]
                         net (fo=1, routed)           1.219     8.604    wRamUserDataOut[4]
    SLICE_X27Y27         LUT3 (Prop_lut3_I0_O)        0.154     8.758 r  UserRdDataOut_OBUF[4]_inst_i_1/O
                         net (fo=1, routed)           2.963    11.720    UserRdDataOut_OBUF[4]
    N17                  OBUF (Prop_obuf_I_O)         2.846    14.567 r  UserRdDataOut_OBUF[4]_inst/O
                         net (fo=0)                   0.000    14.567    UserRdDataOut[4]
    N17                                                               r  UserRdDataOut[4] (OUT)
  -------------------------------------------------------------------    -------------------

Slack:                    inf
  Source:                 ramA/ram_reg/CLKARDCLK
                            (rising edge-triggered cell RAMB18E1 clocked by clk  {rise@0.000ns fall@5.000ns period=10.000ns})
  Destination:            UserRdDataOut[7]
                            (output port)
  Path Group:             (none)
  Path Type:              Max at Slow Process Corner
  Data Path Delay:        9.448ns  (logic 5.198ns (55.016%)  route 4.250ns (44.984%))
  Logic Levels:           2  (LUT3=1 OBUF=1)
  Clock Uncertainty:      0.025ns  ((TSJ^2 + TIJ^2)^1/2 + DJ) / 2 + PE
    Total System Jitter     (TSJ):    0.050ns
    Total Input Jitter      (TIJ):    0.000ns
    Discrete Jitter          (DJ):    0.000ns
    Phase Error              (PE):    0.000ns

    Location             Delay type                Incr(ns)  Path(ns)    Netlist Resource(s)
  -------------------------------------------------------------------    -------------------
                         (clock clk rise edge)        0.000     0.000 r  
    U14                                               0.000     0.000 r  clk (IN)
                         net (fo=0)                   0.000     0.000    clk
    U14                  IBUF (Prop_ibuf_I_O)         1.046     1.046 r  clk_IBUF_inst/O
                         net (fo=1, routed)           2.076     3.122    clk_IBUF
    BUFGCTRL_X0Y0        BUFG (Prop_bufg_I_O)         0.101     3.223 r  clk_IBUF_BUFG_inst/O
                         net (fo=2589, routed)        1.707     4.930    ramA/clk
    RAMB18_X1Y12         RAMB18E1                                     r  ramA/ram_reg/CLKARDCLK
  -------------------------------------------------------------------    -------------------
    RAMB18_X1Y12         RAMB18E1 (Prop_ramb18e1_CLKARDCLK_DOADO[7])
                                                      2.454     7.384 r  ramA/ram_reg/DOADO[7]
                         net (fo=1, routed)           1.320     8.704    wRamUserDataOut[7]
    SLICE_X27Y27         LUT3 (Prop_lut3_I0_O)        0.124     8.828 r  UserRdDataOut_OBUF[7]_inst_i_1/O
                         net (fo=1, routed)           2.931    11.759    UserRdDataOut_OBUF[7]
    V18                  OBUF (Prop_obuf_I_O)         2.620    14.379 r  UserRdDataOut_OBUF[7]_inst/O
                         net (fo=0)                   0.000    14.379    UserRdDataOut[7]
    V18                                                               r  UserRdDataOut[7] (OUT)
  -------------------------------------------------------------------    -------------------

Slack:                    inf
  Source:                 ramA/ram_reg/CLKARDCLK
                            (rising edge-triggered cell RAMB18E1 clocked by clk  {rise@0.000ns fall@5.000ns period=10.000ns})
  Destination:            UserRdDataOut[13]
                            (output port)
  Path Group:             (none)
  Path Type:              Max at Slow Process Corner
  Data Path Delay:        9.374ns  (logic 5.432ns (57.947%)  route 3.942ns (42.053%))
  Logic Levels:           2  (LUT2=1 OBUF=1)
  Clock Uncertainty:      0.025ns  ((TSJ^2 + TIJ^2)^1/2 + DJ) / 2 + PE
    Total System Jitter     (TSJ):    0.050ns
    Total Input Jitter      (TIJ):    0.000ns
    Discrete Jitter          (DJ):    0.000ns
    Phase Error              (PE):    0.000ns

    Location             Delay type                Incr(ns)  Path(ns)    Netlist Resource(s)
  -------------------------------------------------------------------    -------------------
                         (clock clk rise edge)        0.000     0.000 r  
    U14                                               0.000     0.000 r  clk (IN)
                         net (fo=0)                   0.000     0.000    clk
    U14                  IBUF (Prop_ibuf_I_O)         1.046     1.046 r  clk_IBUF_inst/O
                         net (fo=1, routed)           2.076     3.122    clk_IBUF
    BUFGCTRL_X0Y0        BUFG (Prop_bufg_I_O)         0.101     3.223 r  clk_IBUF_BUFG_inst/O
                         net (fo=2589, routed)        1.707     4.930    ramA/clk
    RAMB18_X1Y12         RAMB18E1                                     r  ramA/ram_reg/CLKARDCLK
  -------------------------------------------------------------------    -------------------
    RAMB18_X1Y12         RAMB18E1 (Prop_ramb18e1_CLKARDCLK_DOADO[13])
                                                      2.454     7.384 r  ramA/ram_reg/DOADO[13]
                         net (fo=1, routed)           1.211     8.596    wRamUserDataOut[13]
    SLICE_X27Y27         LUT2 (Prop_lut2_I0_O)        0.152     8.748 r  UserRdDataOut_OBUF[13]_inst_i_1/O
                         net (fo=1, routed)           2.731    11.478    UserRdDataOut_OBUF[13]
    W16                  OBUF (Prop_obuf_I_O)         2.826    14.304 r  UserRdDataOut_OBUF[13]_inst/O
                         net (fo=0)                   0.000    14.304    UserRdDataOut[13]
    W16                                                               r  UserRdDataOut[13] (OUT)
  -------------------------------------------------------------------    -------------------

Slack:                    inf
  Source:                 rUserWrAddr_reg[2]/C
                            (rising edge-triggered cell FDRE clocked by clk  {rise@0.000ns fall@5.000ns period=10.000ns})
  Destination:            UserRdDataOut[8]
                            (output port)
  Path Group:             (none)
  Path Type:              Max at Slow Process Corner
  Data Path Delay:        9.275ns  (logic 3.685ns (39.727%)  route 5.590ns (60.273%))
  Logic Levels:           4  (LUT3=1 LUT4=1 LUT5=1 OBUF=1)
  Clock Uncertainty:      0.025ns  ((TSJ^2 + TIJ^2)^1/2 + DJ) / 2 + PE
    Total System Jitter     (TSJ):    0.050ns
    Total Input Jitter      (TIJ):    0.000ns
    Discrete Jitter          (DJ):    0.000ns
    Phase Error              (PE):    0.000ns

    Location             Delay type                Incr(ns)  Path(ns)    Netlist Resource(s)
  -------------------------------------------------------------------    -------------------
                         (clock clk rise edge)        0.000     0.000 r  
    U14                                               0.000     0.000 r  clk (IN)
                         net (fo=0)                   0.000     0.000    clk
    U14                  IBUF (Prop_ibuf_I_O)         1.046     1.046 r  clk_IBUF_inst/O
                         net (fo=1, routed)           2.076     3.122    clk_IBUF
    BUFGCTRL_X0Y0        BUFG (Prop_bufg_I_O)         0.101     3.223 r  clk_IBUF_BUFG_inst/O
                         net (fo=2589, routed)        1.741     4.964    clk_IBUF_BUFG
    SLICE_X41Y29         FDRE                                         r  rUserWrAddr_reg[2]/C
  -------------------------------------------------------------------    -------------------
    SLICE_X41Y29         FDRE (Prop_fdre_C_Q)         0.456     5.420 f  rUserWrAddr_reg[2]/Q
                         net (fo=1, routed)           0.656     6.076    rUserWrAddr[2]
    SLICE_X41Y29         LUT4 (Prop_lut4_I0_O)        0.124     6.200 f  UserRdDataOut_OBUF[15]_inst_i_4/O
                         net (fo=1, routed)           0.812     7.012    UserRdDataOut_OBUF[15]_inst_i_4_n_0
    SLICE_X42Y28         LUT5 (Prop_lut5_I4_O)        0.124     7.136 r  UserRdDataOut_OBUF[15]_inst_i_2/O
                         net (fo=16, routed)          1.357     8.494    UserRdDataOut_OBUF[15]_inst_i_2_n_0
    SLICE_X27Y27         LUT3 (Prop_lut3_I1_O)        0.149     8.643 r  UserRdDataOut_OBUF[8]_inst_i_1/O
                         net (fo=1, routed)           2.764    11.407    UserRdDataOut_OBUF[8]
    V17                  OBUF (Prop_obuf_I_O)         2.832    14.239 r  UserRdDataOut_OBUF[8]_inst/O
                         net (fo=0)                   0.000    14.239    UserRdDataOut[8]
    V17                                                               r  UserRdDataOut[8] (OUT)
  -------------------------------------------------------------------    -------------------

Slack:                    inf
  Source:                 ramA/ram_reg/CLKARDCLK
                            (rising edge-triggered cell RAMB18E1 clocked by clk  {rise@0.000ns fall@5.000ns period=10.000ns})
  Destination:            UserRdDataOut[10]
                            (output port)
  Path Group:             (none)
  Path Type:              Max at Slow Process Corner
  Data Path Delay:        9.290ns  (logic 5.419ns (58.335%)  route 3.871ns (41.665%))
  Logic Levels:           2  (LUT3=1 OBUF=1)
  Clock Uncertainty:      0.025ns  ((TSJ^2 + TIJ^2)^1/2 + DJ) / 2 + PE
    Total System Jitter     (TSJ):    0.050ns
    Total Input Jitter      (TIJ):    0.000ns
    Discrete Jitter          (DJ):    0.000ns
    Phase Error              (PE):    0.000ns

    Location             Delay type                Incr(ns)  Path(ns)    Netlist Resource(s)
  -------------------------------------------------------------------    -------------------
                         (clock clk rise edge)        0.000     0.000 r  
    U14                                               0.000     0.000 r  clk (IN)
                         net (fo=0)                   0.000     0.000    clk
    U14                  IBUF (Prop_ibuf_I_O)         1.046     1.046 r  clk_IBUF_inst/O
                         net (fo=1, routed)           2.076     3.122    clk_IBUF
    BUFGCTRL_X0Y0        BUFG (Prop_bufg_I_O)         0.101     3.223 r  clk_IBUF_BUFG_inst/O
                         net (fo=2589, routed)        1.707     4.930    ramA/clk
    RAMB18_X1Y12         RAMB18E1                                     r  ramA/ram_reg/CLKARDCLK
  -------------------------------------------------------------------    -------------------
    RAMB18_X1Y12         RAMB18E1 (Prop_ramb18e1_CLKARDCLK_DOADO[10])
                                                      2.454     7.384 r  ramA/ram_reg/DOADO[10]
                         net (fo=1, routed)           1.427     8.811    wRamUserDataOut[10]
    SLICE_X38Y27         LUT3 (Prop_lut3_I0_O)        0.153     8.964 r  UserRdDataOut_OBUF[10]_inst_i_1/O
                         net (fo=1, routed)           2.444    11.408    UserRdDataOut_OBUF[10]
    T17                  OBUF (Prop_obuf_I_O)         2.812    14.221 r  UserRdDataOut_OBUF[10]_inst/O
                         net (fo=0)                   0.000    14.221    UserRdDataOut[10]
    T17                                                               r  UserRdDataOut[10] (OUT)
  -------------------------------------------------------------------    -------------------





Min Delay Paths
--------------------------------------------------------------------------------------
Slack:                    inf
  Source:                 rUserRdDataOut_reg[11]/C
                            (rising edge-triggered cell FDRE clocked by clk  {rise@0.000ns fall@5.000ns period=10.000ns})
  Destination:            UserRdDataOut[11]
                            (output port)
  Path Group:             (none)
  Path Type:              Min at Fast Process Corner
  Data Path Delay:        2.170ns  (logic 1.298ns (59.809%)  route 0.872ns (40.191%))
  Logic Levels:           2  (LUT3=1 OBUF=1)
  Clock Uncertainty:      0.025ns  ((TSJ^2 + TIJ^2)^1/2 + DJ) / 2 + PE
    Total System Jitter     (TSJ):    0.050ns
    Total Input Jitter      (TIJ):    0.000ns
    Discrete Jitter          (DJ):    0.000ns
    Phase Error              (PE):    0.000ns

    Location             Delay type                Incr(ns)  Path(ns)    Netlist Resource(s)
  -------------------------------------------------------------------    -------------------
                         (clock clk rise edge)        0.000     0.000 r  
    U14                                               0.000     0.000 r  clk (IN)
                         net (fo=0)                   0.000     0.000    clk
    U14                  IBUF (Prop_ibuf_I_O)         0.274     0.274 r  clk_IBUF_inst/O
                         net (fo=1, routed)           0.627     0.901    clk_IBUF
    BUFGCTRL_X0Y0        BUFG (Prop_bufg_I_O)         0.026     0.927 r  clk_IBUF_BUFG_inst/O
                         net (fo=2589, routed)        0.580     1.507    clk_IBUF_BUFG
    SLICE_X36Y28         FDRE                                         r  rUserRdDataOut_reg[11]/C
  -------------------------------------------------------------------    -------------------
    SLICE_X36Y28         FDRE (Prop_fdre_C_Q)         0.141     1.648 r  rUserRdDataOut_reg[11]/Q
                         net (fo=1, routed)           0.209     1.857    rUserRdDataOut_reg_n_0_[11]
    SLICE_X36Y28         LUT3 (Prop_lut3_I2_O)        0.045     1.902 r  UserRdDataOut_OBUF[11]_inst_i_1/O
                         net (fo=1, routed)           0.663     2.565    UserRdDataOut_OBUF[11]
    R17                  OBUF (Prop_obuf_I_O)         1.112     3.677 r  UserRdDataOut_OBUF[11]_inst/O
                         net (fo=0)                   0.000     3.677    UserRdDataOut[11]
    R17                                                               r  UserRdDataOut[11] (OUT)
  -------------------------------------------------------------------    -------------------

Slack:                    inf
  Source:                 rUserRdDataOut_reg[12]/C
                            (rising edge-triggered cell FDRE clocked by clk  {rise@0.000ns fall@5.000ns period=10.000ns})
  Destination:            UserRdDataOut[12]
                            (output port)
  Path Group:             (none)
  Path Type:              Min at Fast Process Corner
  Data Path Delay:        2.198ns  (logic 1.363ns (61.992%)  route 0.836ns (38.008%))
  Logic Levels:           2  (LUT3=1 OBUF=1)
  Clock Uncertainty:      0.025ns  ((TSJ^2 + TIJ^2)^1/2 + DJ) / 2 + PE
    Total System Jitter     (TSJ):    0.050ns
    Total Input Jitter      (TIJ):    0.000ns
    Discrete Jitter          (DJ):    0.000ns
    Phase Error              (PE):    0.000ns

    Location             Delay type                Incr(ns)  Path(ns)    Netlist Resource(s)
  -------------------------------------------------------------------    -------------------
                         (clock clk rise edge)        0.000     0.000 r  
    U14                                               0.000     0.000 r  clk (IN)
                         net (fo=0)                   0.000     0.000    clk
    U14                  IBUF (Prop_ibuf_I_O)         0.274     0.274 r  clk_IBUF_inst/O
                         net (fo=1, routed)           0.627     0.901    clk_IBUF
    BUFGCTRL_X0Y0        BUFG (Prop_bufg_I_O)         0.026     0.927 r  clk_IBUF_BUFG_inst/O
                         net (fo=2589, routed)        0.580     1.507    clk_IBUF_BUFG
    SLICE_X36Y28         FDRE                                         r  rUserRdDataOut_reg[12]/C
  -------------------------------------------------------------------    -------------------
    SLICE_X36Y28         FDRE (Prop_fdre_C_Q)         0.141     1.648 r  rUserRdDataOut_reg[12]/Q
                         net (fo=1, routed)           0.221     1.869    rUserRdDataOut_reg_n_0_[12]
    SLICE_X36Y28         LUT3 (Prop_lut3_I2_O)        0.044     1.913 r  UserRdDataOut_OBUF[12]_inst_i_1/O
                         net (fo=1, routed)           0.615     2.527    UserRdDataOut_OBUF[12]
    R16                  OBUF (Prop_obuf_I_O)         1.178     3.705 r  UserRdDataOut_OBUF[12]_inst/O
                         net (fo=0)                   0.000     3.705    UserRdDataOut[12]
    R16                                                               r  UserRdDataOut[12] (OUT)
  -------------------------------------------------------------------    -------------------

Slack:                    inf
  Source:                 rUserRdDataOut_reg[9]/C
                            (rising edge-triggered cell FDRE clocked by clk  {rise@0.000ns fall@5.000ns period=10.000ns})
  Destination:            UserRdDataOut[9]
                            (output port)
  Path Group:             (none)
  Path Type:              Min at Fast Process Corner
  Data Path Delay:        2.288ns  (logic 1.333ns (58.247%)  route 0.955ns (41.753%))
  Logic Levels:           2  (LUT3=1 OBUF=1)
  Clock Uncertainty:      0.025ns  ((TSJ^2 + TIJ^2)^1/2 + DJ) / 2 + PE
    Total System Jitter     (TSJ):    0.050ns
    Total Input Jitter      (TIJ):    0.000ns
    Discrete Jitter          (DJ):    0.000ns
    Phase Error              (PE):    0.000ns

    Location             Delay type                Incr(ns)  Path(ns)    Netlist Resource(s)
  -------------------------------------------------------------------    -------------------
                         (clock clk rise edge)        0.000     0.000 r  
    U14                                               0.000     0.000 r  clk (IN)
                         net (fo=0)                   0.000     0.000    clk
    U14                  IBUF (Prop_ibuf_I_O)         0.274     0.274 r  clk_IBUF_inst/O
                         net (fo=1, routed)           0.627     0.901    clk_IBUF
    BUFGCTRL_X0Y0        BUFG (Prop_bufg_I_O)         0.026     0.927 r  clk_IBUF_BUFG_inst/O
                         net (fo=2589, routed)        0.580     1.507    clk_IBUF_BUFG
    SLICE_X38Y27         FDRE                                         r  rUserRdDataOut_reg[9]/C
  -------------------------------------------------------------------    -------------------
    SLICE_X38Y27         FDRE (Prop_fdre_C_Q)         0.164     1.671 r  rUserRdDataOut_reg[9]/Q
                         net (fo=1, routed)           0.275     1.946    rUserRdDataOut_reg_n_0_[9]
    SLICE_X38Y27         LUT3 (Prop_lut3_I2_O)        0.045     1.991 r  UserRdDataOut_OBUF[9]_inst_i_1/O
                         net (fo=1, routed)           0.680     2.671    UserRdDataOut_OBUF[9]
    R18                  OBUF (Prop_obuf_I_O)         1.124     3.795 r  UserRdDataOut_OBUF[9]_inst/O
                         net (fo=0)                   0.000     3.795    UserRdDataOut[9]
    R18                                                               r  UserRdDataOut[9] (OUT)
  -------------------------------------------------------------------    -------------------

Slack:                    inf
  Source:                 rUserRdDataOut_reg[10]/C
                            (rising edge-triggered cell FDRE clocked by clk  {rise@0.000ns fall@5.000ns period=10.000ns})
  Destination:            UserRdDataOut[10]
                            (output port)
  Path Group:             (none)
  Path Type:              Min at Fast Process Corner
  Data Path Delay:        2.373ns  (logic 1.376ns (57.971%)  route 0.997ns (42.029%))
  Logic Levels:           2  (LUT3=1 OBUF=1)
  Clock Uncertainty:      0.025ns  ((TSJ^2 + TIJ^2)^1/2 + DJ) / 2 + PE
    Total System Jitter     (TSJ):    0.050ns
    Total Input Jitter      (TIJ):    0.000ns
    Discrete Jitter          (DJ):    0.000ns
    Phase Error              (PE):    0.000ns

    Location             Delay type                Incr(ns)  Path(ns)    Netlist Resource(s)
  -------------------------------------------------------------------    -------------------
                         (clock clk rise edge)        0.000     0.000 r  
    U14                                               0.000     0.000 r  clk (IN)
                         net (fo=0)                   0.000     0.000    clk
    U14                  IBUF (Prop_ibuf_I_O)         0.274     0.274 r  clk_IBUF_inst/O
                         net (fo=1, routed)           0.627     0.901    clk_IBUF
    BUFGCTRL_X0Y0        BUFG (Prop_bufg_I_O)         0.026     0.927 r  clk_IBUF_BUFG_inst/O
                         net (fo=2589, routed)        0.580     1.507    clk_IBUF_BUFG
    SLICE_X37Y27         FDRE                                         r  rUserRdDataOut_reg[10]/C
  -------------------------------------------------------------------    -------------------
    SLICE_X37Y27         FDRE (Prop_fdre_C_Q)         0.141     1.648 r  rUserRdDataOut_reg[10]/Q
                         net (fo=1, routed)           0.324     1.972    rUserRdDataOut_reg_n_0_[10]
    SLICE_X38Y27         LUT3 (Prop_lut3_I2_O)        0.044     2.016 r  UserRdDataOut_OBUF[10]_inst_i_1/O
                         net (fo=1, routed)           0.673     2.689    UserRdDataOut_OBUF[10]
    T17                  OBUF (Prop_obuf_I_O)         1.191     3.880 r  UserRdDataOut_OBUF[10]_inst/O
                         net (fo=0)                   0.000     3.880    UserRdDataOut[10]
    T17                                                               r  UserRdDataOut[10] (OUT)
  -------------------------------------------------------------------    -------------------

Slack:                    inf
  Source:                 rUserRdDataOut_reg[2]/C
                            (rising edge-triggered cell FDRE clocked by clk  {rise@0.000ns fall@5.000ns period=10.000ns})
  Destination:            UserRdDataOut[2]
                            (output port)
  Path Group:             (none)
  Path Type:              Min at Fast Process Corner
  Data Path Delay:        2.475ns  (logic 1.373ns (55.453%)  route 1.103ns (44.547%))
  Logic Levels:           2  (LUT3=1 OBUF=1)
  Clock Uncertainty:      0.025ns  ((TSJ^2 + TIJ^2)^1/2 + DJ) / 2 + PE
    Total System Jitter     (TSJ):    0.050ns
    Total Input Jitter      (TIJ):    0.000ns
    Discrete Jitter          (DJ):    0.000ns
    Phase Error              (PE):    0.000ns

    Location             Delay type                Incr(ns)  Path(ns)    Netlist Resource(s)
  -------------------------------------------------------------------    -------------------
                         (clock clk rise edge)        0.000     0.000 r  
    U14                                               0.000     0.000 r  clk (IN)
                         net (fo=0)                   0.000     0.000    clk
    U14                  IBUF (Prop_ibuf_I_O)         0.274     0.274 r  clk_IBUF_inst/O
                         net (fo=1, routed)           0.627     0.901    clk_IBUF
    BUFGCTRL_X0Y0        BUFG (Prop_bufg_I_O)         0.026     0.927 r  clk_IBUF_BUFG_inst/O
                         net (fo=2589, routed)        0.553     1.480    clk_IBUF_BUFG
    SLICE_X27Y28         FDRE                                         r  rUserRdDataOut_reg[2]/C
  -------------------------------------------------------------------    -------------------
    SLICE_X27Y28         FDRE (Prop_fdre_C_Q)         0.141     1.621 r  rUserRdDataOut_reg[2]/Q
                         net (fo=1, routed)           0.136     1.757    rUserRdDataOut_reg_n_0_[2]
    SLICE_X27Y28         LUT3 (Prop_lut3_I2_O)        0.051     1.808 r  UserRdDataOut_OBUF[2]_inst_i_1/O
                         net (fo=1, routed)           0.967     2.774    UserRdDataOut_OBUF[2]
    P15                  OBUF (Prop_obuf_I_O)         1.181     3.955 r  UserRdDataOut_OBUF[2]_inst/O
                         net (fo=0)                   0.000     3.955    UserRdDataOut[2]
    P15                                                               r  UserRdDataOut[2] (OUT)
  -------------------------------------------------------------------    -------------------

Slack:                    inf
  Source:                 rUserRdDataOut_reg[5]/C
                            (rising edge-triggered cell FDRE clocked by clk  {rise@0.000ns fall@5.000ns period=10.000ns})
  Destination:            UserRdDataOut[5]
                            (output port)
  Path Group:             (none)
  Path Type:              Min at Fast Process Corner
  Data Path Delay:        2.549ns  (logic 1.322ns (51.861%)  route 1.227ns (48.139%))
  Logic Levels:           2  (LUT3=1 OBUF=1)
  Clock Uncertainty:      0.025ns  ((TSJ^2 + TIJ^2)^1/2 + DJ) / 2 + PE
    Total System Jitter     (TSJ):    0.050ns
    Total Input Jitter      (TIJ):    0.000ns
    Discrete Jitter          (DJ):    0.000ns
    Phase Error              (PE):    0.000ns

    Location             Delay type                Incr(ns)  Path(ns)    Netlist Resource(s)
  -------------------------------------------------------------------    -------------------
                         (clock clk rise edge)        0.000     0.000 r  
    U14                                               0.000     0.000 r  clk (IN)
                         net (fo=0)                   0.000     0.000    clk
    U14                  IBUF (Prop_ibuf_I_O)         0.274     0.274 r  clk_IBUF_inst/O
                         net (fo=1, routed)           0.627     0.901    clk_IBUF
    BUFGCTRL_X0Y0        BUFG (Prop_bufg_I_O)         0.026     0.927 r  clk_IBUF_BUFG_inst/O
                         net (fo=2589, routed)        0.551     1.478    clk_IBUF_BUFG
    SLICE_X23Y29         FDRE                                         r  rUserRdDataOut_reg[5]/C
  -------------------------------------------------------------------    -------------------
    SLICE_X23Y29         FDRE (Prop_fdre_C_Q)         0.141     1.619 r  rUserRdDataOut_reg[5]/Q
                         net (fo=1, routed)           0.270     1.889    rUserRdDataOut_reg_n_0_[5]
    SLICE_X27Y28         LUT3 (Prop_lut3_I2_O)        0.045     1.934 r  UserRdDataOut_OBUF[5]_inst_i_1/O
                         net (fo=1, routed)           0.957     2.891    UserRdDataOut_OBUF[5]
    W19                  OBUF (Prop_obuf_I_O)         1.136     4.027 r  UserRdDataOut_OBUF[5]_inst/O
                         net (fo=0)                   0.000     4.027    UserRdDataOut[5]
    W19                                                               r  UserRdDataOut[5] (OUT)
  -------------------------------------------------------------------    -------------------

Slack:                    inf
  Source:                 rUserRdDataOut_reg[7]/C
                            (rising edge-triggered cell FDRE clocked by clk  {rise@0.000ns fall@5.000ns period=10.000ns})
  Destination:            UserRdDataOut[7]
                            (output port)
  Path Group:             (none)
  Path Type:              Min at Fast Process Corner
  Data Path Delay:        2.610ns  (logic 1.323ns (50.686%)  route 1.287ns (49.314%))
  Logic Levels:           2  (LUT3=1 OBUF=1)
  Clock Uncertainty:      0.025ns  ((TSJ^2 + TIJ^2)^1/2 + DJ) / 2 + PE
    Total System Jitter     (TSJ):    0.050ns
    Total Input Jitter      (TIJ):    0.000ns
    Discrete Jitter          (DJ):    0.000ns
    Phase Error              (PE):    0.000ns

    Location             Delay type                Incr(ns)  Path(ns)    Netlist Resource(s)
  -------------------------------------------------------------------    -------------------
                         (clock clk rise edge)        0.000     0.000 r  
    U14                                               0.000     0.000 r  clk (IN)
                         net (fo=0)                   0.000     0.000    clk
    U14                  IBUF (Prop_ibuf_I_O)         0.274     0.274 r  clk_IBUF_inst/O
                         net (fo=1, routed)           0.627     0.901    clk_IBUF
    BUFGCTRL_X0Y0        BUFG (Prop_bufg_I_O)         0.026     0.927 r  clk_IBUF_BUFG_inst/O
                         net (fo=2589, routed)        0.550     1.477    clk_IBUF_BUFG
    SLICE_X23Y27         FDRE                                         r  rUserRdDataOut_reg[7]/C
  -------------------------------------------------------------------    -------------------
    SLICE_X23Y27         FDRE (Prop_fdre_C_Q)         0.141     1.618 r  rUserRdDataOut_reg[7]/Q
                         net (fo=1, routed)           0.347     1.965    rUserRdDataOut_reg_n_0_[7]
    SLICE_X27Y27         LUT3 (Prop_lut3_I2_O)        0.045     2.010 r  UserRdDataOut_OBUF[7]_inst_i_1/O
                         net (fo=1, routed)           0.940     2.950    UserRdDataOut_OBUF[7]
    V18                  OBUF (Prop_obuf_I_O)         1.137     4.087 r  UserRdDataOut_OBUF[7]_inst/O
                         net (fo=0)                   0.000     4.087    UserRdDataOut[7]
    V18                                                               r  UserRdDataOut[7] (OUT)
  -------------------------------------------------------------------    -------------------

Slack:                    inf
  Source:                 rUserRdDataOut_reg[4]/C
                            (rising edge-triggered cell FDRE clocked by clk  {rise@0.000ns fall@5.000ns period=10.000ns})
  Destination:            UserRdDataOut[4]
                            (output port)
  Path Group:             (none)
  Path Type:              Min at Fast Process Corner
  Data Path Delay:        2.684ns  (logic 1.411ns (52.567%)  route 1.273ns (47.433%))
  Logic Levels:           2  (LUT3=1 OBUF=1)
  Clock Uncertainty:      0.025ns  ((TSJ^2 + TIJ^2)^1/2 + DJ) / 2 + PE
    Total System Jitter     (TSJ):    0.050ns
    Total Input Jitter      (TIJ):    0.000ns
    Discrete Jitter          (DJ):    0.000ns
    Phase Error              (PE):    0.000ns

    Location             Delay type                Incr(ns)  Path(ns)    Netlist Resource(s)
  -------------------------------------------------------------------    -------------------
                         (clock clk rise edge)        0.000     0.000 r  
    U14                                               0.000     0.000 r  clk (IN)
                         net (fo=0)                   0.000     0.000    clk
    U14                  IBUF (Prop_ibuf_I_O)         0.274     0.274 r  clk_IBUF_inst/O
                         net (fo=1, routed)           0.627     0.901    clk_IBUF
    BUFGCTRL_X0Y0        BUFG (Prop_bufg_I_O)         0.026     0.927 r  clk_IBUF_BUFG_inst/O
                         net (fo=2589, routed)        0.550     1.477    clk_IBUF_BUFG
    SLICE_X23Y28         FDRE                                         r  rUserRdDataOut_reg[4]/C
  -------------------------------------------------------------------    -------------------
    SLICE_X23Y28         FDRE (Prop_fdre_C_Q)         0.141     1.618 r  rUserRdDataOut_reg[4]/Q
                         net (fo=1, routed)           0.324     1.941    rUserRdDataOut_reg_n_0_[4]
    SLICE_X27Y27         LUT3 (Prop_lut3_I2_O)        0.045     1.986 r  UserRdDataOut_OBUF[4]_inst_i_1/O
                         net (fo=1, routed)           0.950     2.936    UserRdDataOut_OBUF[4]
    N17                  OBUF (Prop_obuf_I_O)         1.225     4.161 r  UserRdDataOut_OBUF[4]_inst/O
                         net (fo=0)                   0.000     4.161    UserRdDataOut[4]
    N17                                                               r  UserRdDataOut[4] (OUT)
  -------------------------------------------------------------------    -------------------

Slack:                    inf
  Source:                 rUserRdDataOut_reg[6]/C
                            (rising edge-triggered cell FDRE clocked by clk  {rise@0.000ns fall@5.000ns period=10.000ns})
  Destination:            UserRdDataOut[6]
                            (output port)
  Path Group:             (none)
  Path Type:              Min at Fast Process Corner
  Data Path Delay:        2.686ns  (logic 1.389ns (51.690%)  route 1.298ns (48.310%))
  Logic Levels:           2  (LUT3=1 OBUF=1)
  Clock Uncertainty:      0.025ns  ((TSJ^2 + TIJ^2)^1/2 + DJ) / 2 + PE
    Total System Jitter     (TSJ):    0.050ns
    Total Input Jitter      (TIJ):    0.000ns
    Discrete Jitter          (DJ):    0.000ns
    Phase Error              (PE):    0.000ns

    Location             Delay type                Incr(ns)  Path(ns)    Netlist Resource(s)
  -------------------------------------------------------------------    -------------------
                         (clock clk rise edge)        0.000     0.000 r  
    U14                                               0.000     0.000 r  clk (IN)
                         net (fo=0)                   0.000     0.000    clk
    U14                  IBUF (Prop_ibuf_I_O)         0.274     0.274 r  clk_IBUF_inst/O
                         net (fo=1, routed)           0.627     0.901    clk_IBUF
    BUFGCTRL_X0Y0        BUFG (Prop_bufg_I_O)         0.026     0.927 r  clk_IBUF_BUFG_inst/O
                         net (fo=2589, routed)        0.551     1.478    clk_IBUF_BUFG
    SLICE_X23Y29         FDRE                                         r  rUserRdDataOut_reg[6]/C
  -------------------------------------------------------------------    -------------------
    SLICE_X23Y29         FDRE (Prop_fdre_C_Q)         0.141     1.619 r  rUserRdDataOut_reg[6]/Q
                         net (fo=1, routed)           0.408     2.026    rUserRdDataOut_reg_n_0_[6]
    SLICE_X27Y28         LUT3 (Prop_lut3_I2_O)        0.043     2.069 r  UserRdDataOut_OBUF[6]_inst_i_1/O
                         net (fo=1, routed)           0.890     2.960    UserRdDataOut_OBUF[6]
    W18                  OBUF (Prop_obuf_I_O)         1.205     4.164 r  UserRdDataOut_OBUF[6]_inst/O
                         net (fo=0)                   0.000     4.164    UserRdDataOut[6]
    W18                                                               r  UserRdDataOut[6] (OUT)
  -------------------------------------------------------------------    -------------------

Slack:                    inf
  Source:                 rUserRdDataOut_reg[3]/C
                            (rising edge-triggered cell FDRE clocked by clk  {rise@0.000ns fall@5.000ns period=10.000ns})
  Destination:            UserRdDataOut[3]
                            (output port)
  Path Group:             (none)
  Path Type:              Min at Fast Process Corner
  Data Path Delay:        2.708ns  (logic 1.338ns (49.395%)  route 1.370ns (50.605%))
  Logic Levels:           2  (LUT3=1 OBUF=1)
  Clock Uncertainty:      0.025ns  ((TSJ^2 + TIJ^2)^1/2 + DJ) / 2 + PE
    Total System Jitter     (TSJ):    0.050ns
    Total Input Jitter      (TIJ):    0.000ns
    Discrete Jitter          (DJ):    0.000ns
    Phase Error              (PE):    0.000ns

    Location             Delay type                Incr(ns)  Path(ns)    Netlist Resource(s)
  -------------------------------------------------------------------    -------------------
                         (clock clk rise edge)        0.000     0.000 r  
    U14                                               0.000     0.000 r  clk (IN)
                         net (fo=0)                   0.000     0.000    clk
    U14                  IBUF (Prop_ibuf_I_O)         0.274     0.274 r  clk_IBUF_inst/O
                         net (fo=1, routed)           0.627     0.901    clk_IBUF
    BUFGCTRL_X0Y0        BUFG (Prop_bufg_I_O)         0.026     0.927 r  clk_IBUF_BUFG_inst/O
                         net (fo=2589, routed)        0.550     1.477    clk_IBUF_BUFG
    SLICE_X23Y27         FDRE                                         r  rUserRdDataOut_reg[3]/C
  -------------------------------------------------------------------    -------------------
    SLICE_X23Y27         FDRE (Prop_fdre_C_Q)         0.141     1.618 r  rUserRdDataOut_reg[3]/Q
                         net (fo=1, routed)           0.409     2.027    rUserRdDataOut_reg_n_0_[3]
    SLICE_X27Y27         LUT3 (Prop_lut3_I2_O)        0.045     2.072 r  UserRdDataOut_OBUF[3]_inst_i_1/O
                         net (fo=1, routed)           0.961     3.033    UserRdDataOut_OBUF[3]
    P18                  OBUF (Prop_obuf_I_O)         1.152     4.185 r  UserRdDataOut_OBUF[3]_inst/O
                         net (fo=0)                   0.000     4.185    UserRdDataOut[3]
    P18                                                               r  UserRdDataOut[3] (OUT)
  -------------------------------------------------------------------    -------------------





--------------------------------------------------------------------------------------
Path Group:  (none)
From Clock:  
  To Clock:  clk

Max Delay           317 Endpoints
Min Delay           317 Endpoints
--------------------------------------------------------------------------------------


Max Delay Paths
--------------------------------------------------------------------------------------
Slack:                    inf
  Source:                 rstB
                            (input port)
  Destination:            uNTT/rState_current_reg[0]_rep/D
                            (rising edge-triggered cell FDRE clocked by clk  {rise@0.000ns fall@5.000ns period=10.000ns})
  Path Group:             (none)
  Path Type:              Setup (Max at Slow Process Corner)
  Data Path Delay:        6.644ns  (logic 1.186ns (17.852%)  route 5.458ns (82.149%))
  Logic Levels:           2  (IBUF=1 LUT2=1)
  Clock Path Skew:        4.366ns (DCD - SCD + CPR)
    Destination Clock Delay (DCD):    4.366ns
    Source Clock Delay      (SCD):    0.000ns
    Clock Pessimism Removal (CPR):    0.000ns
  Clock Uncertainty:      0.025ns  ((TSJ^2 + TIJ^2)^1/2 + DJ) / 2 + PE
    Total System Jitter     (TSJ):    0.050ns
    Total Input Jitter      (TIJ):    0.000ns
    Discrete Jitter          (DJ):    0.000ns
    Phase Error              (PE):    0.000ns

    Location             Delay type                Incr(ns)  Path(ns)    Netlist Resource(s)
  -------------------------------------------------------------------    -------------------
    U12                                               0.000     0.000 r  rstB (IN)
                         net (fo=0)                   0.000     0.000    rstB
    U12                  IBUF (Prop_ibuf_I_O)         1.036     1.036 r  rstB_IBUF_inst/O
                         net (fo=23, routed)          4.522     5.558    uNTT/rstB
    SLICE_X14Y48         LUT2 (Prop_lut2_I1_O)        0.150     5.708 r  uNTT/rState_current[0]_rep_i_1/O
                         net (fo=1, routed)           0.936     6.644    uNTT/rState_current[0]_rep_i_1_n_0
    SLICE_X18Y65         FDRE                                         r  uNTT/rState_current_reg[0]_rep/D
  -------------------------------------------------------------------    -------------------

                         (clock clk rise edge)        0.000     0.000 r  
    U14                                               0.000     0.000 r  clk (IN)
                         net (fo=0)                   0.000     0.000    clk
    U14                  IBUF (Prop_ibuf_I_O)         0.912     0.912 r  clk_IBUF_inst/O
                         net (fo=1, routed)           1.880     2.792    clk_IBUF
    BUFGCTRL_X0Y0        BUFG (Prop_bufg_I_O)         0.091     2.883 r  clk_IBUF_BUFG_inst/O
                         net (fo=2589, routed)        1.484     4.366    uNTT/clk
    SLICE_X18Y65         FDRE                                         r  uNTT/rState_current_reg[0]_rep/C

Slack:                    inf
  Source:                 rstB
                            (input port)
  Destination:            uNTT/rState_current_reg[1]/D
                            (rising edge-triggered cell FDRE clocked by clk  {rise@0.000ns fall@5.000ns period=10.000ns})
  Path Group:             (none)
  Path Type:              Setup (Max at Slow Process Corner)
  Data Path Delay:        6.504ns  (logic 1.160ns (17.837%)  route 5.344ns (82.163%))
  Logic Levels:           2  (IBUF=1 LUT6=1)
  Clock Path Skew:        4.366ns (DCD - SCD + CPR)
    Destination Clock Delay (DCD):    4.366ns
    Source Clock Delay      (SCD):    0.000ns
    Clock Pessimism Removal (CPR):    0.000ns
  Clock Uncertainty:      0.025ns  ((TSJ^2 + TIJ^2)^1/2 + DJ) / 2 + PE
    Total System Jitter     (TSJ):    0.050ns
    Total Input Jitter      (TIJ):    0.000ns
    Discrete Jitter          (DJ):    0.000ns
    Phase Error              (PE):    0.000ns

    Location             Delay type                Incr(ns)  Path(ns)    Netlist Resource(s)
  -------------------------------------------------------------------    -------------------
    U12                                               0.000     0.000 r  rstB (IN)
                         net (fo=0)                   0.000     0.000    rstB
    U12                  IBUF (Prop_ibuf_I_O)         1.036     1.036 r  rstB_IBUF_inst/O
                         net (fo=23, routed)          4.077     5.113    uNTT/rstB
    SLICE_X19Y46         LUT6 (Prop_lut6_I5_O)        0.124     5.237 r  uNTT/rState_current[1]_i_1/O
                         net (fo=1, routed)           1.266     6.504    uNTT/rState_current[1]_i_1_n_0
    SLICE_X19Y65         FDRE                                         r  uNTT/rState_current_reg[1]/D
  -------------------------------------------------------------------    -------------------

                         (clock clk rise edge)        0.000     0.000 r  
    U14                                               0.000     0.000 r  clk (IN)
                         net (fo=0)                   0.000     0.000    clk
    U14                  IBUF (Prop_ibuf_I_O)         0.912     0.912 r  clk_IBUF_inst/O
                         net (fo=1, routed)           1.880     2.792    clk_IBUF
    BUFGCTRL_X0Y0        BUFG (Prop_bufg_I_O)         0.091     2.883 r  clk_IBUF_BUFG_inst/O
                         net (fo=2589, routed)        1.484     4.366    uNTT/clk
    SLICE_X19Y65         FDRE                                         r  uNTT/rState_current_reg[1]/C

Slack:                    inf
  Source:                 rstB
                            (input port)
  Destination:            uNTT/rState_current_reg[2]/D
                            (rising edge-triggered cell FDRE clocked by clk  {rise@0.000ns fall@5.000ns period=10.000ns})
  Path Group:             (none)
  Path Type:              Setup (Max at Slow Process Corner)
  Data Path Delay:        6.476ns  (logic 1.160ns (17.914%)  route 5.316ns (82.086%))
  Logic Levels:           2  (IBUF=1 LUT6=1)
  Clock Path Skew:        4.365ns (DCD - SCD + CPR)
    Destination Clock Delay (DCD):    4.365ns
    Source Clock Delay      (SCD):    0.000ns
    Clock Pessimism Removal (CPR):    0.000ns
  Clock Uncertainty:      0.025ns  ((TSJ^2 + TIJ^2)^1/2 + DJ) / 2 + PE
    Total System Jitter     (TSJ):    0.050ns
    Total Input Jitter      (TIJ):    0.000ns
    Discrete Jitter          (DJ):    0.000ns
    Phase Error              (PE):    0.000ns

    Location             Delay type                Incr(ns)  Path(ns)    Netlist Resource(s)
  -------------------------------------------------------------------    -------------------
    U12                                               0.000     0.000 r  rstB (IN)
                         net (fo=0)                   0.000     0.000    rstB
    U12                  IBUF (Prop_ibuf_I_O)         1.036     1.036 r  rstB_IBUF_inst/O
                         net (fo=23, routed)          3.869     4.906    uNTT/rstB
    SLICE_X23Y44         LUT6 (Prop_lut6_I5_O)        0.124     5.030 r  uNTT/rState_current[2]_i_1/O
                         net (fo=1, routed)           1.446     6.476    uNTT/rState_current[2]_i_1_n_0
    SLICE_X21Y65         FDRE                                         r  uNTT/rState_current_reg[2]/D
  -------------------------------------------------------------------    -------------------

                         (clock clk rise edge)        0.000     0.000 r  
    U14                                               0.000     0.000 r  clk (IN)
                         net (fo=0)                   0.000     0.000    clk
    U14                  IBUF (Prop_ibuf_I_O)         0.912     0.912 r  clk_IBUF_inst/O
                         net (fo=1, routed)           1.880     2.792    clk_IBUF
    BUFGCTRL_X0Y0        BUFG (Prop_bufg_I_O)         0.091     2.883 r  clk_IBUF_BUFG_inst/O
                         net (fo=2589, routed)        1.483     4.365    uNTT/clk
    SLICE_X21Y65         FDRE                                         r  uNTT/rState_current_reg[2]/C

Slack:                    inf
  Source:                 rstB
                            (input port)
  Destination:            uNTT/genblk2[0].u_bf_unit/rDirectMulMod_reg/R
                            (rising edge-triggered cell FDRE clocked by clk  {rise@0.000ns fall@5.000ns period=10.000ns})
  Path Group:             (none)
  Path Type:              Setup (Max at Slow Process Corner)
  Data Path Delay:        6.386ns  (logic 1.185ns (18.556%)  route 5.201ns (81.444%))
  Logic Levels:           2  (IBUF=1 LUT1=1)
  Clock Path Skew:        4.368ns (DCD - SCD + CPR)
    Destination Clock Delay (DCD):    4.368ns
    Source Clock Delay      (SCD):    0.000ns
    Clock Pessimism Removal (CPR):    0.000ns
  Clock Uncertainty:      0.025ns  ((TSJ^2 + TIJ^2)^1/2 + DJ) / 2 + PE
    Total System Jitter     (TSJ):    0.050ns
    Total Input Jitter      (TIJ):    0.000ns
    Discrete Jitter          (DJ):    0.000ns
    Phase Error              (PE):    0.000ns

    Location             Delay type                Incr(ns)  Path(ns)    Netlist Resource(s)
  -------------------------------------------------------------------    -------------------
    U12                                               0.000     0.000 f  rstB (IN)
                         net (fo=0)                   0.000     0.000    rstB
    U12                  IBUF (Prop_ibuf_I_O)         1.036     1.036 f  rstB_IBUF_inst/O
                         net (fo=23, routed)          3.447     4.483    uNTT/genblk2[0].u_bf_unit/rstB
    SLICE_X19Y37         LUT1 (Prop_lut1_I0_O)        0.149     4.632 r  uNTT/genblk2[0].u_bf_unit/outEn_i_1/O
                         net (fo=13, routed)          1.754     6.386    uNTT/genblk2[0].u_bf_unit/outEn_i_1_n_0
    SLICE_X19Y62         FDRE                                         r  uNTT/genblk2[0].u_bf_unit/rDirectMulMod_reg/R
  -------------------------------------------------------------------    -------------------

                         (clock clk rise edge)        0.000     0.000 r  
    U14                                               0.000     0.000 r  clk (IN)
                         net (fo=0)                   0.000     0.000    clk
    U14                  IBUF (Prop_ibuf_I_O)         0.912     0.912 r  clk_IBUF_inst/O
                         net (fo=1, routed)           1.880     2.792    clk_IBUF
    BUFGCTRL_X0Y0        BUFG (Prop_bufg_I_O)         0.091     2.883 r  clk_IBUF_BUFG_inst/O
                         net (fo=2589, routed)        1.486     4.368    uNTT/genblk2[0].u_bf_unit/clk
    SLICE_X19Y62         FDRE                                         r  uNTT/genblk2[0].u_bf_unit/rDirectMulMod_reg/C

Slack:                    inf
  Source:                 UserWrAddr[6]
                            (input port)
  Destination:            rDataQ_inv_reg[0]/CE
                            (rising edge-triggered cell FDRE clocked by clk  {rise@0.000ns fall@5.000ns period=10.000ns})
  Path Group:             (none)
  Path Type:              Setup (Max at Slow Process Corner)
  Data Path Delay:        6.108ns  (logic 1.393ns (22.813%)  route 4.714ns (77.187%))
  Logic Levels:           4  (IBUF=1 LUT4=1 LUT5=2)
  Clock Path Skew:        4.363ns (DCD - SCD + CPR)
    Destination Clock Delay (DCD):    4.363ns
    Source Clock Delay      (SCD):    0.000ns
    Clock Pessimism Removal (CPR):    0.000ns
  Clock Uncertainty:      0.025ns  ((TSJ^2 + TIJ^2)^1/2 + DJ) / 2 + PE
    Total System Jitter     (TSJ):    0.050ns
    Total Input Jitter      (TIJ):    0.000ns
    Discrete Jitter          (DJ):    0.000ns
    Phase Error              (PE):    0.000ns

    Location             Delay type                Incr(ns)  Path(ns)    Netlist Resource(s)
  -------------------------------------------------------------------    -------------------
    T15                                               0.000     0.000 f  UserWrAddr[6] (IN)
                         net (fo=0)                   0.000     0.000    UserWrAddr[6]
    T15                  IBUF (Prop_ibuf_I_O)         0.996     0.996 f  UserWrAddr_IBUF[6]_inst/O
                         net (fo=5, routed)           1.944     2.940    UserWrAddr_IBUF[6]
    SLICE_X38Y29         LUT4 (Prop_lut4_I1_O)        0.124     3.064 f  rStartAddrA[10]_i_3/O
                         net (fo=1, routed)           0.452     3.516    rStartAddrA[10]_i_3_n_0
    SLICE_X38Y29         LUT5 (Prop_lut5_I4_O)        0.124     3.640 f  rStartAddrA[10]_i_2/O
                         net (fo=6, routed)           0.851     4.491    rStartAddrA[10]_i_2_n_0
    SLICE_X36Y28         LUT5 (Prop_lut5_I1_O)        0.149     4.640 r  rDataQ_inv[12]_i_1/O
                         net (fo=13, routed)          1.467     6.108    rDataQ_inv[0]
    SLICE_X22Y26         FDRE                                         r  rDataQ_inv_reg[0]/CE
  -------------------------------------------------------------------    -------------------

                         (clock clk rise edge)        0.000     0.000 r  
    U14                                               0.000     0.000 r  clk (IN)
                         net (fo=0)                   0.000     0.000    clk
    U14                  IBUF (Prop_ibuf_I_O)         0.912     0.912 r  clk_IBUF_inst/O
                         net (fo=1, routed)           1.880     2.792    clk_IBUF
    BUFGCTRL_X0Y0        BUFG (Prop_bufg_I_O)         0.091     2.883 r  clk_IBUF_BUFG_inst/O
                         net (fo=2589, routed)        1.480     4.363    clk_IBUF_BUFG
    SLICE_X22Y26         FDRE                                         r  rDataQ_inv_reg[0]/C

Slack:                    inf
  Source:                 UserWrAddr[6]
                            (input port)
  Destination:            rDataQ_inv_reg[1]/CE
                            (rising edge-triggered cell FDRE clocked by clk  {rise@0.000ns fall@5.000ns period=10.000ns})
  Path Group:             (none)
  Path Type:              Setup (Max at Slow Process Corner)
  Data Path Delay:        6.108ns  (logic 1.393ns (22.813%)  route 4.714ns (77.187%))
  Logic Levels:           4  (IBUF=1 LUT4=1 LUT5=2)
  Clock Path Skew:        4.363ns (DCD - SCD + CPR)
    Destination Clock Delay (DCD):    4.363ns
    Source Clock Delay      (SCD):    0.000ns
    Clock Pessimism Removal (CPR):    0.000ns
  Clock Uncertainty:      0.025ns  ((TSJ^2 + TIJ^2)^1/2 + DJ) / 2 + PE
    Total System Jitter     (TSJ):    0.050ns
    Total Input Jitter      (TIJ):    0.000ns
    Discrete Jitter          (DJ):    0.000ns
    Phase Error              (PE):    0.000ns

    Location             Delay type                Incr(ns)  Path(ns)    Netlist Resource(s)
  -------------------------------------------------------------------    -------------------
    T15                                               0.000     0.000 f  UserWrAddr[6] (IN)
                         net (fo=0)                   0.000     0.000    UserWrAddr[6]
    T15                  IBUF (Prop_ibuf_I_O)         0.996     0.996 f  UserWrAddr_IBUF[6]_inst/O
                         net (fo=5, routed)           1.944     2.940    UserWrAddr_IBUF[6]
    SLICE_X38Y29         LUT4 (Prop_lut4_I1_O)        0.124     3.064 f  rStartAddrA[10]_i_3/O
                         net (fo=1, routed)           0.452     3.516    rStartAddrA[10]_i_3_n_0
    SLICE_X38Y29         LUT5 (Prop_lut5_I4_O)        0.124     3.640 f  rStartAddrA[10]_i_2/O
                         net (fo=6, routed)           0.851     4.491    rStartAddrA[10]_i_2_n_0
    SLICE_X36Y28         LUT5 (Prop_lut5_I1_O)        0.149     4.640 r  rDataQ_inv[12]_i_1/O
                         net (fo=13, routed)          1.467     6.108    rDataQ_inv[0]
    SLICE_X23Y26         FDRE                                         r  rDataQ_inv_reg[1]/CE
  -------------------------------------------------------------------    -------------------

                         (clock clk rise edge)        0.000     0.000 r  
    U14                                               0.000     0.000 r  clk (IN)
                         net (fo=0)                   0.000     0.000    clk
    U14                  IBUF (Prop_ibuf_I_O)         0.912     0.912 r  clk_IBUF_inst/O
                         net (fo=1, routed)           1.880     2.792    clk_IBUF
    BUFGCTRL_X0Y0        BUFG (Prop_bufg_I_O)         0.091     2.883 r  clk_IBUF_BUFG_inst/O
                         net (fo=2589, routed)        1.480     4.363    clk_IBUF_BUFG
    SLICE_X23Y26         FDRE                                         r  rDataQ_inv_reg[1]/C

Slack:                    inf
  Source:                 UserWrAddr[6]
                            (input port)
  Destination:            rDataQ_inv_reg[3]/CE
                            (rising edge-triggered cell FDRE clocked by clk  {rise@0.000ns fall@5.000ns period=10.000ns})
  Path Group:             (none)
  Path Type:              Setup (Max at Slow Process Corner)
  Data Path Delay:        6.108ns  (logic 1.393ns (22.813%)  route 4.714ns (77.187%))
  Logic Levels:           4  (IBUF=1 LUT4=1 LUT5=2)
  Clock Path Skew:        4.363ns (DCD - SCD + CPR)
    Destination Clock Delay (DCD):    4.363ns
    Source Clock Delay      (SCD):    0.000ns
    Clock Pessimism Removal (CPR):    0.000ns
  Clock Uncertainty:      0.025ns  ((TSJ^2 + TIJ^2)^1/2 + DJ) / 2 + PE
    Total System Jitter     (TSJ):    0.050ns
    Total Input Jitter      (TIJ):    0.000ns
    Discrete Jitter          (DJ):    0.000ns
    Phase Error              (PE):    0.000ns

    Location             Delay type                Incr(ns)  Path(ns)    Netlist Resource(s)
  -------------------------------------------------------------------    -------------------
    T15                                               0.000     0.000 f  UserWrAddr[6] (IN)
                         net (fo=0)                   0.000     0.000    UserWrAddr[6]
    T15                  IBUF (Prop_ibuf_I_O)         0.996     0.996 f  UserWrAddr_IBUF[6]_inst/O
                         net (fo=5, routed)           1.944     2.940    UserWrAddr_IBUF[6]
    SLICE_X38Y29         LUT4 (Prop_lut4_I1_O)        0.124     3.064 f  rStartAddrA[10]_i_3/O
                         net (fo=1, routed)           0.452     3.516    rStartAddrA[10]_i_3_n_0
    SLICE_X38Y29         LUT5 (Prop_lut5_I4_O)        0.124     3.640 f  rStartAddrA[10]_i_2/O
                         net (fo=6, routed)           0.851     4.491    rStartAddrA[10]_i_2_n_0
    SLICE_X36Y28         LUT5 (Prop_lut5_I1_O)        0.149     4.640 r  rDataQ_inv[12]_i_1/O
                         net (fo=13, routed)          1.467     6.108    rDataQ_inv[0]
    SLICE_X22Y26         FDRE                                         r  rDataQ_inv_reg[3]/CE
  -------------------------------------------------------------------    -------------------

                         (clock clk rise edge)        0.000     0.000 r  
    U14                                               0.000     0.000 r  clk (IN)
                         net (fo=0)                   0.000     0.000    clk
    U14                  IBUF (Prop_ibuf_I_O)         0.912     0.912 r  clk_IBUF_inst/O
                         net (fo=1, routed)           1.880     2.792    clk_IBUF
    BUFGCTRL_X0Y0        BUFG (Prop_bufg_I_O)         0.091     2.883 r  clk_IBUF_BUFG_inst/O
                         net (fo=2589, routed)        1.480     4.363    clk_IBUF_BUFG
    SLICE_X22Y26         FDRE                                         r  rDataQ_inv_reg[3]/C

Slack:                    inf
  Source:                 UserWrAddr[6]
                            (input port)
  Destination:            rDataQ_inv_reg[4]/CE
                            (rising edge-triggered cell FDRE clocked by clk  {rise@0.000ns fall@5.000ns period=10.000ns})
  Path Group:             (none)
  Path Type:              Setup (Max at Slow Process Corner)
  Data Path Delay:        6.108ns  (logic 1.393ns (22.813%)  route 4.714ns (77.187%))
  Logic Levels:           4  (IBUF=1 LUT4=1 LUT5=2)
  Clock Path Skew:        4.363ns (DCD - SCD + CPR)
    Destination Clock Delay (DCD):    4.363ns
    Source Clock Delay      (SCD):    0.000ns
    Clock Pessimism Removal (CPR):    0.000ns
  Clock Uncertainty:      0.025ns  ((TSJ^2 + TIJ^2)^1/2 + DJ) / 2 + PE
    Total System Jitter     (TSJ):    0.050ns
    Total Input Jitter      (TIJ):    0.000ns
    Discrete Jitter          (DJ):    0.000ns
    Phase Error              (PE):    0.000ns

    Location             Delay type                Incr(ns)  Path(ns)    Netlist Resource(s)
  -------------------------------------------------------------------    -------------------
    T15                                               0.000     0.000 f  UserWrAddr[6] (IN)
                         net (fo=0)                   0.000     0.000    UserWrAddr[6]
    T15                  IBUF (Prop_ibuf_I_O)         0.996     0.996 f  UserWrAddr_IBUF[6]_inst/O
                         net (fo=5, routed)           1.944     2.940    UserWrAddr_IBUF[6]
    SLICE_X38Y29         LUT4 (Prop_lut4_I1_O)        0.124     3.064 f  rStartAddrA[10]_i_3/O
                         net (fo=1, routed)           0.452     3.516    rStartAddrA[10]_i_3_n_0
    SLICE_X38Y29         LUT5 (Prop_lut5_I4_O)        0.124     3.640 f  rStartAddrA[10]_i_2/O
                         net (fo=6, routed)           0.851     4.491    rStartAddrA[10]_i_2_n_0
    SLICE_X36Y28         LUT5 (Prop_lut5_I1_O)        0.149     4.640 r  rDataQ_inv[12]_i_1/O
                         net (fo=13, routed)          1.467     6.108    rDataQ_inv[0]
    SLICE_X23Y26         FDRE                                         r  rDataQ_inv_reg[4]/CE
  -------------------------------------------------------------------    -------------------

                         (clock clk rise edge)        0.000     0.000 r  
    U14                                               0.000     0.000 r  clk (IN)
                         net (fo=0)                   0.000     0.000    clk
    U14                  IBUF (Prop_ibuf_I_O)         0.912     0.912 r  clk_IBUF_inst/O
                         net (fo=1, routed)           1.880     2.792    clk_IBUF
    BUFGCTRL_X0Y0        BUFG (Prop_bufg_I_O)         0.091     2.883 r  clk_IBUF_BUFG_inst/O
                         net (fo=2589, routed)        1.480     4.363    clk_IBUF_BUFG
    SLICE_X23Y26         FDRE                                         r  rDataQ_inv_reg[4]/C

Slack:                    inf
  Source:                 UserWrAddr[6]
                            (input port)
  Destination:            rDataQ_inv_reg[5]/CE
                            (rising edge-triggered cell FDRE clocked by clk  {rise@0.000ns fall@5.000ns period=10.000ns})
  Path Group:             (none)
  Path Type:              Setup (Max at Slow Process Corner)
  Data Path Delay:        6.108ns  (logic 1.393ns (22.813%)  route 4.714ns (77.187%))
  Logic Levels:           4  (IBUF=1 LUT4=1 LUT5=2)
  Clock Path Skew:        4.363ns (DCD - SCD + CPR)
    Destination Clock Delay (DCD):    4.363ns
    Source Clock Delay      (SCD):    0.000ns
    Clock Pessimism Removal (CPR):    0.000ns
  Clock Uncertainty:      0.025ns  ((TSJ^2 + TIJ^2)^1/2 + DJ) / 2 + PE
    Total System Jitter     (TSJ):    0.050ns
    Total Input Jitter      (TIJ):    0.000ns
    Discrete Jitter          (DJ):    0.000ns
    Phase Error              (PE):    0.000ns

    Location             Delay type                Incr(ns)  Path(ns)    Netlist Resource(s)
  -------------------------------------------------------------------    -------------------
    T15                                               0.000     0.000 f  UserWrAddr[6] (IN)
                         net (fo=0)                   0.000     0.000    UserWrAddr[6]
    T15                  IBUF (Prop_ibuf_I_O)         0.996     0.996 f  UserWrAddr_IBUF[6]_inst/O
                         net (fo=5, routed)           1.944     2.940    UserWrAddr_IBUF[6]
    SLICE_X38Y29         LUT4 (Prop_lut4_I1_O)        0.124     3.064 f  rStartAddrA[10]_i_3/O
                         net (fo=1, routed)           0.452     3.516    rStartAddrA[10]_i_3_n_0
    SLICE_X38Y29         LUT5 (Prop_lut5_I4_O)        0.124     3.640 f  rStartAddrA[10]_i_2/O
                         net (fo=6, routed)           0.851     4.491    rStartAddrA[10]_i_2_n_0
    SLICE_X36Y28         LUT5 (Prop_lut5_I1_O)        0.149     4.640 r  rDataQ_inv[12]_i_1/O
                         net (fo=13, routed)          1.467     6.108    rDataQ_inv[0]
    SLICE_X22Y26         FDRE                                         r  rDataQ_inv_reg[5]/CE
  -------------------------------------------------------------------    -------------------

                         (clock clk rise edge)        0.000     0.000 r  
    U14                                               0.000     0.000 r  clk (IN)
                         net (fo=0)                   0.000     0.000    clk
    U14                  IBUF (Prop_ibuf_I_O)         0.912     0.912 r  clk_IBUF_inst/O
                         net (fo=1, routed)           1.880     2.792    clk_IBUF
    BUFGCTRL_X0Y0        BUFG (Prop_bufg_I_O)         0.091     2.883 r  clk_IBUF_BUFG_inst/O
                         net (fo=2589, routed)        1.480     4.363    clk_IBUF_BUFG
    SLICE_X22Y26         FDRE                                         r  rDataQ_inv_reg[5]/C

Slack:                    inf
  Source:                 UserWrAddr[6]
                            (input port)
  Destination:            rDataQ_inv_reg[6]/CE
                            (rising edge-triggered cell FDRE clocked by clk  {rise@0.000ns fall@5.000ns period=10.000ns})
  Path Group:             (none)
  Path Type:              Setup (Max at Slow Process Corner)
  Data Path Delay:        6.108ns  (logic 1.393ns (22.813%)  route 4.714ns (77.187%))
  Logic Levels:           4  (IBUF=1 LUT4=1 LUT5=2)
  Clock Path Skew:        4.363ns (DCD - SCD + CPR)
    Destination Clock Delay (DCD):    4.363ns
    Source Clock Delay      (SCD):    0.000ns
    Clock Pessimism Removal (CPR):    0.000ns
  Clock Uncertainty:      0.025ns  ((TSJ^2 + TIJ^2)^1/2 + DJ) / 2 + PE
    Total System Jitter     (TSJ):    0.050ns
    Total Input Jitter      (TIJ):    0.000ns
    Discrete Jitter          (DJ):    0.000ns
    Phase Error              (PE):    0.000ns

    Location             Delay type                Incr(ns)  Path(ns)    Netlist Resource(s)
  -------------------------------------------------------------------    -------------------
    T15                                               0.000     0.000 f  UserWrAddr[6] (IN)
                         net (fo=0)                   0.000     0.000    UserWrAddr[6]
    T15                  IBUF (Prop_ibuf_I_O)         0.996     0.996 f  UserWrAddr_IBUF[6]_inst/O
                         net (fo=5, routed)           1.944     2.940    UserWrAddr_IBUF[6]
    SLICE_X38Y29         LUT4 (Prop_lut4_I1_O)        0.124     3.064 f  rStartAddrA[10]_i_3/O
                         net (fo=1, routed)           0.452     3.516    rStartAddrA[10]_i_3_n_0
    SLICE_X38Y29         LUT5 (Prop_lut5_I4_O)        0.124     3.640 f  rStartAddrA[10]_i_2/O
                         net (fo=6, routed)           0.851     4.491    rStartAddrA[10]_i_2_n_0
    SLICE_X36Y28         LUT5 (Prop_lut5_I1_O)        0.149     4.640 r  rDataQ_inv[12]_i_1/O
                         net (fo=13, routed)          1.467     6.108    rDataQ_inv[0]
    SLICE_X23Y26         FDRE                                         r  rDataQ_inv_reg[6]/CE
  -------------------------------------------------------------------    -------------------

                         (clock clk rise edge)        0.000     0.000 r  
    U14                                               0.000     0.000 r  clk (IN)
                         net (fo=0)                   0.000     0.000    clk
    U14                  IBUF (Prop_ibuf_I_O)         0.912     0.912 r  clk_IBUF_inst/O
                         net (fo=1, routed)           1.880     2.792    clk_IBUF
    BUFGCTRL_X0Y0        BUFG (Prop_bufg_I_O)         0.091     2.883 r  clk_IBUF_BUFG_inst/O
                         net (fo=2589, routed)        1.480     4.363    clk_IBUF_BUFG
    SLICE_X23Y26         FDRE                                         r  rDataQ_inv_reg[6]/C





Min Delay Paths
--------------------------------------------------------------------------------------
Slack:                    inf
  Source:                 UserWrDataIn[9]
                            (input port)
  Destination:            rDataQ_inv_reg[9]/D
                            (rising edge-triggered cell FDRE clocked by clk  {rise@0.000ns fall@5.000ns period=10.000ns})
  Path Group:             (none)
  Path Type:              Hold (Min at Fast Process Corner)
  Data Path Delay:        0.620ns  (logic 0.242ns (38.942%)  route 0.379ns (61.058%))
  Logic Levels:           1  (IBUF=1)
  Clock Path Skew:        2.020ns (DCD - SCD - CPR)
    Destination Clock Delay (DCD):    2.020ns
    Source Clock Delay      (SCD):    0.000ns
    Clock Pessimism Removal (CPR):    -0.000ns

    Location             Delay type                Incr(ns)  Path(ns)    Netlist Resource(s)
  -------------------------------------------------------------------    -------------------
    U19                                               0.000     0.000 r  UserWrDataIn[9] (IN)
                         net (fo=0)                   0.000     0.000    UserWrDataIn[9]
    U19                  IBUF (Prop_ibuf_I_O)         0.242     0.242 r  UserWrDataIn_IBUF[9]_inst/O
                         net (fo=6, routed)           0.379     0.620    UserWrDataIn_IBUF[9]
    SLICE_X37Y26         FDRE                                         r  rDataQ_inv_reg[9]/D
  -------------------------------------------------------------------    -------------------

                         (clock clk rise edge)        0.000     0.000 r  
    U14                                               0.000     0.000 r  clk (IN)
                         net (fo=0)                   0.000     0.000    clk
    U14                  IBUF (Prop_ibuf_I_O)         0.464     0.464 r  clk_IBUF_inst/O
                         net (fo=1, routed)           0.683     1.147    clk_IBUF
    BUFGCTRL_X0Y0        BUFG (Prop_bufg_I_O)         0.029     1.176 r  clk_IBUF_BUFG_inst/O
                         net (fo=2589, routed)        0.844     2.020    clk_IBUF_BUFG
    SLICE_X37Y26         FDRE                                         r  rDataQ_inv_reg[9]/C

Slack:                    inf
  Source:                 UserWrDataIn[10]
                            (input port)
  Destination:            rDataQ_inv_reg[10]/D
                            (rising edge-triggered cell FDRE clocked by clk  {rise@0.000ns fall@5.000ns period=10.000ns})
  Path Group:             (none)
  Path Type:              Hold (Min at Fast Process Corner)
  Data Path Delay:        0.665ns  (logic 0.243ns (36.598%)  route 0.422ns (63.402%))
  Logic Levels:           1  (IBUF=1)
  Clock Path Skew:        2.020ns (DCD - SCD - CPR)
    Destination Clock Delay (DCD):    2.020ns
    Source Clock Delay      (SCD):    0.000ns
    Clock Pessimism Removal (CPR):    -0.000ns

    Location             Delay type                Incr(ns)  Path(ns)    Netlist Resource(s)
  -------------------------------------------------------------------    -------------------
    U18                                               0.000     0.000 r  UserWrDataIn[10] (IN)
                         net (fo=0)                   0.000     0.000    UserWrDataIn[10]
    U18                  IBUF (Prop_ibuf_I_O)         0.243     0.243 r  UserWrDataIn_IBUF[10]_inst/O
                         net (fo=6, routed)           0.422     0.665    UserWrDataIn_IBUF[10]
    SLICE_X37Y26         FDRE                                         r  rDataQ_inv_reg[10]/D
  -------------------------------------------------------------------    -------------------

                         (clock clk rise edge)        0.000     0.000 r  
    U14                                               0.000     0.000 r  clk (IN)
                         net (fo=0)                   0.000     0.000    clk
    U14                  IBUF (Prop_ibuf_I_O)         0.464     0.464 r  clk_IBUF_inst/O
                         net (fo=1, routed)           0.683     1.147    clk_IBUF
    BUFGCTRL_X0Y0        BUFG (Prop_bufg_I_O)         0.029     1.176 r  clk_IBUF_BUFG_inst/O
                         net (fo=2589, routed)        0.844     2.020    clk_IBUF_BUFG
    SLICE_X37Y26         FDRE                                         r  rDataQ_inv_reg[10]/C

Slack:                    inf
  Source:                 UserWrDataIn[9]
                            (input port)
  Destination:            rStartAddrA_reg[9]/D
                            (rising edge-triggered cell FDRE clocked by clk  {rise@0.000ns fall@5.000ns period=10.000ns})
  Path Group:             (none)
  Path Type:              Hold (Min at Fast Process Corner)
  Data Path Delay:        0.669ns  (logic 0.242ns (36.126%)  route 0.427ns (63.874%))
  Logic Levels:           1  (IBUF=1)
  Clock Path Skew:        2.024ns (DCD - SCD - CPR)
    Destination Clock Delay (DCD):    2.024ns
    Source Clock Delay      (SCD):    0.000ns
    Clock Pessimism Removal (CPR):    -0.000ns

    Location             Delay type                Incr(ns)  Path(ns)    Netlist Resource(s)
  -------------------------------------------------------------------    -------------------
    U19                                               0.000     0.000 r  UserWrDataIn[9] (IN)
                         net (fo=0)                   0.000     0.000    UserWrDataIn[9]
    U19                  IBUF (Prop_ibuf_I_O)         0.242     0.242 r  UserWrDataIn_IBUF[9]_inst/O
                         net (fo=6, routed)           0.427     0.669    UserWrDataIn_IBUF[9]
    SLICE_X40Y27         FDRE                                         r  rStartAddrA_reg[9]/D
  -------------------------------------------------------------------    -------------------

                         (clock clk rise edge)        0.000     0.000 r  
    U14                                               0.000     0.000 r  clk (IN)
                         net (fo=0)                   0.000     0.000    clk
    U14                  IBUF (Prop_ibuf_I_O)         0.464     0.464 r  clk_IBUF_inst/O
                         net (fo=1, routed)           0.683     1.147    clk_IBUF
    BUFGCTRL_X0Y0        BUFG (Prop_bufg_I_O)         0.029     1.176 r  clk_IBUF_BUFG_inst/O
                         net (fo=2589, routed)        0.848     2.024    clk_IBUF_BUFG
    SLICE_X40Y27         FDRE                                         r  rStartAddrA_reg[9]/C

Slack:                    inf
  Source:                 UserWrDataIn[10]
                            (input port)
  Destination:            rDataQ_reg[10]/D
                            (rising edge-triggered cell FDRE clocked by clk  {rise@0.000ns fall@5.000ns period=10.000ns})
  Path Group:             (none)
  Path Type:              Hold (Min at Fast Process Corner)
  Data Path Delay:        0.673ns  (logic 0.243ns (36.197%)  route 0.429ns (63.803%))
  Logic Levels:           1  (IBUF=1)
  Clock Path Skew:        2.020ns (DCD - SCD - CPR)
    Destination Clock Delay (DCD):    2.020ns
    Source Clock Delay      (SCD):    0.000ns
    Clock Pessimism Removal (CPR):    -0.000ns

    Location             Delay type                Incr(ns)  Path(ns)    Netlist Resource(s)
  -------------------------------------------------------------------    -------------------
    U18                                               0.000     0.000 r  UserWrDataIn[10] (IN)
                         net (fo=0)                   0.000     0.000    UserWrDataIn[10]
    U18                  IBUF (Prop_ibuf_I_O)         0.243     0.243 r  UserWrDataIn_IBUF[10]_inst/O
                         net (fo=6, routed)           0.429     0.673    UserWrDataIn_IBUF[10]
    SLICE_X36Y26         FDRE                                         r  rDataQ_reg[10]/D
  -------------------------------------------------------------------    -------------------

                         (clock clk rise edge)        0.000     0.000 r  
    U14                                               0.000     0.000 r  clk (IN)
                         net (fo=0)                   0.000     0.000    clk
    U14                  IBUF (Prop_ibuf_I_O)         0.464     0.464 r  clk_IBUF_inst/O
                         net (fo=1, routed)           0.683     1.147    clk_IBUF
    BUFGCTRL_X0Y0        BUFG (Prop_bufg_I_O)         0.029     1.176 r  clk_IBUF_BUFG_inst/O
                         net (fo=2589, routed)        0.844     2.020    clk_IBUF_BUFG
    SLICE_X36Y26         FDRE                                         r  rDataQ_reg[10]/C

Slack:                    inf
  Source:                 UserWrDataIn[8]
                            (input port)
  Destination:            rStartAddrA_reg[8]/D
                            (rising edge-triggered cell FDRE clocked by clk  {rise@0.000ns fall@5.000ns period=10.000ns})
  Path Group:             (none)
  Path Type:              Hold (Min at Fast Process Corner)
  Data Path Delay:        0.674ns  (logic 0.206ns (30.513%)  route 0.469ns (69.487%))
  Logic Levels:           1  (IBUF=1)
  Clock Path Skew:        2.024ns (DCD - SCD - CPR)
    Destination Clock Delay (DCD):    2.024ns
    Source Clock Delay      (SCD):    0.000ns
    Clock Pessimism Removal (CPR):    -0.000ns

    Location             Delay type                Incr(ns)  Path(ns)    Netlist Resource(s)
  -------------------------------------------------------------------    -------------------
    N18                                               0.000     0.000 r  UserWrDataIn[8] (IN)
                         net (fo=0)                   0.000     0.000    UserWrDataIn[8]
    N18                  IBUF (Prop_ibuf_I_O)         0.206     0.206 r  UserWrDataIn_IBUF[8]_inst/O
                         net (fo=6, routed)           0.469     0.674    UserWrDataIn_IBUF[8]
    SLICE_X40Y27         FDRE                                         r  rStartAddrA_reg[8]/D
  -------------------------------------------------------------------    -------------------

                         (clock clk rise edge)        0.000     0.000 r  
    U14                                               0.000     0.000 r  clk (IN)
                         net (fo=0)                   0.000     0.000    clk
    U14                  IBUF (Prop_ibuf_I_O)         0.464     0.464 r  clk_IBUF_inst/O
                         net (fo=1, routed)           0.683     1.147    clk_IBUF
    BUFGCTRL_X0Y0        BUFG (Prop_bufg_I_O)         0.029     1.176 r  clk_IBUF_BUFG_inst/O
                         net (fo=2589, routed)        0.848     2.024    clk_IBUF_BUFG
    SLICE_X40Y27         FDRE                                         r  rStartAddrA_reg[8]/C

Slack:                    inf
  Source:                 UserWrAddr[1]
                            (input port)
  Destination:            rUserWrAddr_reg[1]/D
                            (rising edge-triggered cell FDRE clocked by clk  {rise@0.000ns fall@5.000ns period=10.000ns})
  Path Group:             (none)
  Path Type:              Hold (Min at Fast Process Corner)
  Data Path Delay:        0.675ns  (logic 0.296ns (43.800%)  route 0.379ns (56.200%))
  Logic Levels:           1  (IBUF=1)
  Clock Path Skew:        2.026ns (DCD - SCD - CPR)
    Destination Clock Delay (DCD):    2.026ns
    Source Clock Delay      (SCD):    0.000ns
    Clock Pessimism Removal (CPR):    -0.000ns

    Location             Delay type                Incr(ns)  Path(ns)    Netlist Resource(s)
  -------------------------------------------------------------------    -------------------
    W14                                               0.000     0.000 r  UserWrAddr[1] (IN)
                         net (fo=0)                   0.000     0.000    UserWrAddr[1]
    W14                  IBUF (Prop_ibuf_I_O)         0.296     0.296 r  UserWrAddr_IBUF[1]_inst/O
                         net (fo=20, routed)          0.379     0.675    UserWrAddr_IBUF[1]
    SLICE_X41Y29         FDRE                                         r  rUserWrAddr_reg[1]/D
  -------------------------------------------------------------------    -------------------

                         (clock clk rise edge)        0.000     0.000 r  
    U14                                               0.000     0.000 r  clk (IN)
                         net (fo=0)                   0.000     0.000    clk
    U14                  IBUF (Prop_ibuf_I_O)         0.464     0.464 r  clk_IBUF_inst/O
                         net (fo=1, routed)           0.683     1.147    clk_IBUF
    BUFGCTRL_X0Y0        BUFG (Prop_bufg_I_O)         0.029     1.176 r  clk_IBUF_BUFG_inst/O
                         net (fo=2589, routed)        0.850     2.026    clk_IBUF_BUFG
    SLICE_X41Y29         FDRE                                         r  rUserWrAddr_reg[1]/C

Slack:                    inf
  Source:                 UserWrDataIn[8]
                            (input port)
  Destination:            rOffsetIntt_W_reg[8]/D
                            (rising edge-triggered cell FDRE clocked by clk  {rise@0.000ns fall@5.000ns period=10.000ns})
  Path Group:             (none)
  Path Type:              Hold (Min at Fast Process Corner)
  Data Path Delay:        0.677ns  (logic 0.206ns (30.392%)  route 0.471ns (69.608%))
  Logic Levels:           1  (IBUF=1)
  Clock Path Skew:        2.022ns (DCD - SCD - CPR)
    Destination Clock Delay (DCD):    2.022ns
    Source Clock Delay      (SCD):    0.000ns
    Clock Pessimism Removal (CPR):    -0.000ns

    Location             Delay type                Incr(ns)  Path(ns)    Netlist Resource(s)
  -------------------------------------------------------------------    -------------------
    N18                                               0.000     0.000 r  UserWrDataIn[8] (IN)
                         net (fo=0)                   0.000     0.000    UserWrDataIn[8]
    N18                  IBUF (Prop_ibuf_I_O)         0.206     0.206 r  UserWrDataIn_IBUF[8]_inst/O
                         net (fo=6, routed)           0.471     0.677    UserWrDataIn_IBUF[8]
    SLICE_X39Y27         FDRE                                         r  rOffsetIntt_W_reg[8]/D
  -------------------------------------------------------------------    -------------------

                         (clock clk rise edge)        0.000     0.000 r  
    U14                                               0.000     0.000 r  clk (IN)
                         net (fo=0)                   0.000     0.000    clk
    U14                  IBUF (Prop_ibuf_I_O)         0.464     0.464 r  clk_IBUF_inst/O
                         net (fo=1, routed)           0.683     1.147    clk_IBUF
    BUFGCTRL_X0Y0        BUFG (Prop_bufg_I_O)         0.029     1.176 r  clk_IBUF_BUFG_inst/O
                         net (fo=2589, routed)        0.846     2.022    clk_IBUF_BUFG
    SLICE_X39Y27         FDRE                                         r  rOffsetIntt_W_reg[8]/C

Slack:                    inf
  Source:                 UserWrDataIn[9]
                            (input port)
  Destination:            rDataQ_reg[9]/D
                            (rising edge-triggered cell FDRE clocked by clk  {rise@0.000ns fall@5.000ns period=10.000ns})
  Path Group:             (none)
  Path Type:              Hold (Min at Fast Process Corner)
  Data Path Delay:        0.686ns  (logic 0.242ns (35.191%)  route 0.445ns (64.809%))
  Logic Levels:           1  (IBUF=1)
  Clock Path Skew:        2.020ns (DCD - SCD - CPR)
    Destination Clock Delay (DCD):    2.020ns
    Source Clock Delay      (SCD):    0.000ns
    Clock Pessimism Removal (CPR):    -0.000ns

    Location             Delay type                Incr(ns)  Path(ns)    Netlist Resource(s)
  -------------------------------------------------------------------    -------------------
    U19                                               0.000     0.000 r  UserWrDataIn[9] (IN)
                         net (fo=0)                   0.000     0.000    UserWrDataIn[9]
    U19                  IBUF (Prop_ibuf_I_O)         0.242     0.242 r  UserWrDataIn_IBUF[9]_inst/O
                         net (fo=6, routed)           0.445     0.686    UserWrDataIn_IBUF[9]
    SLICE_X36Y26         FDRE                                         r  rDataQ_reg[9]/D
  -------------------------------------------------------------------    -------------------

                         (clock clk rise edge)        0.000     0.000 r  
    U14                                               0.000     0.000 r  clk (IN)
                         net (fo=0)                   0.000     0.000    clk
    U14                  IBUF (Prop_ibuf_I_O)         0.464     0.464 r  clk_IBUF_inst/O
                         net (fo=1, routed)           0.683     1.147    clk_IBUF
    BUFGCTRL_X0Y0        BUFG (Prop_bufg_I_O)         0.029     1.176 r  clk_IBUF_BUFG_inst/O
                         net (fo=2589, routed)        0.844     2.020    clk_IBUF_BUFG
    SLICE_X36Y26         FDRE                                         r  rDataQ_reg[9]/C

Slack:                    inf
  Source:                 UserWrDataIn[11]
                            (input port)
  Destination:            rDataQ_reg[11]/D
                            (rising edge-triggered cell FDRE clocked by clk  {rise@0.000ns fall@5.000ns period=10.000ns})
  Path Group:             (none)
  Path Type:              Hold (Min at Fast Process Corner)
  Data Path Delay:        0.688ns  (logic 0.270ns (39.279%)  route 0.418ns (60.721%))
  Logic Levels:           1  (IBUF=1)
  Clock Path Skew:        2.020ns (DCD - SCD - CPR)
    Destination Clock Delay (DCD):    2.020ns
    Source Clock Delay      (SCD):    0.000ns
    Clock Pessimism Removal (CPR):    -0.000ns

    Location             Delay type                Incr(ns)  Path(ns)    Netlist Resource(s)
  -------------------------------------------------------------------    -------------------
    U15                                               0.000     0.000 r  UserWrDataIn[11] (IN)
                         net (fo=0)                   0.000     0.000    UserWrDataIn[11]
    U15                  IBUF (Prop_ibuf_I_O)         0.270     0.270 r  UserWrDataIn_IBUF[11]_inst/O
                         net (fo=3, routed)           0.418     0.688    UserWrDataIn_IBUF[11]
    SLICE_X36Y26         FDRE                                         r  rDataQ_reg[11]/D
  -------------------------------------------------------------------    -------------------

                         (clock clk rise edge)        0.000     0.000 r  
    U14                                               0.000     0.000 r  clk (IN)
                         net (fo=0)                   0.000     0.000    clk
    U14                  IBUF (Prop_ibuf_I_O)         0.464     0.464 r  clk_IBUF_inst/O
                         net (fo=1, routed)           0.683     1.147    clk_IBUF
    BUFGCTRL_X0Y0        BUFG (Prop_bufg_I_O)         0.029     1.176 r  clk_IBUF_BUFG_inst/O
                         net (fo=2589, routed)        0.844     2.020    clk_IBUF_BUFG
    SLICE_X36Y26         FDRE                                         r  rDataQ_reg[11]/C

Slack:                    inf
  Source:                 UserWrDataIn[10]
                            (input port)
  Destination:            rOffsetIntt_W_reg[10]/D
                            (rising edge-triggered cell FDRE clocked by clk  {rise@0.000ns fall@5.000ns period=10.000ns})
  Path Group:             (none)
  Path Type:              Hold (Min at Fast Process Corner)
  Data Path Delay:        0.690ns  (logic 0.243ns (35.293%)  route 0.446ns (64.707%))
  Logic Levels:           1  (IBUF=1)
  Clock Path Skew:        2.022ns (DCD - SCD - CPR)
    Destination Clock Delay (DCD):    2.022ns
    Source Clock Delay      (SCD):    0.000ns
    Clock Pessimism Removal (CPR):    -0.000ns

    Location             Delay type                Incr(ns)  Path(ns)    Netlist Resource(s)
  -------------------------------------------------------------------    -------------------
    U18                                               0.000     0.000 r  UserWrDataIn[10] (IN)
                         net (fo=0)                   0.000     0.000    UserWrDataIn[10]
    U18                  IBUF (Prop_ibuf_I_O)         0.243     0.243 r  UserWrDataIn_IBUF[10]_inst/O
                         net (fo=6, routed)           0.446     0.690    UserWrDataIn_IBUF[10]
    SLICE_X39Y27         FDRE                                         r  rOffsetIntt_W_reg[10]/D
  -------------------------------------------------------------------    -------------------

                         (clock clk rise edge)        0.000     0.000 r  
    U14                                               0.000     0.000 r  clk (IN)
                         net (fo=0)                   0.000     0.000    clk
    U14                  IBUF (Prop_ibuf_I_O)         0.464     0.464 r  clk_IBUF_inst/O
                         net (fo=1, routed)           0.683     1.147    clk_IBUF
    BUFGCTRL_X0Y0        BUFG (Prop_bufg_I_O)         0.029     1.176 r  clk_IBUF_BUFG_inst/O
                         net (fo=2589, routed)        0.846     2.022    clk_IBUF_BUFG
    SLICE_X39Y27         FDRE                                         r  rOffsetIntt_W_reg[10]/C





